isbn,title,authors,price,year,publisher,edited_by,out_of_print,category,updated_at
1469784246,Wor(l)d Religions,Daniel Deleanu,0,2003,iUniverse,,0,Religion,2024-06-01T00:00:00Z
1442900164,The Man Who Laughs,,0,2003,ReadHowYouWant.com,,0,,2024-06-01T00:00:00Z
0415330238,The Rites of Passage,Arnold van Gennep,0,2004,Psychology Press,,0,Social Science,2024-06-01T00:00:00Z
0141396970,On the Aesthetic Education of Man,Friedrich Schiller,0,2016,Penguin UK,,0,Philosophy,2024-06-01T00:00:00Z
142707626X,The Insulted and Humiliated,Fyodor Dostoyevsky,0,1957,ReadHowYouWant.com,,0,Russian fiction,2024-06-01T00:00:00Z
1134875096,"OPEC, the Gulf, and the World Petroleum Market (Routledge Revivals)","Fereidun Fesharaki,David T. Isaak",0,2016,Routledge,,0,Business & Economics,2024-06-01T00:00:00Z
0486166368,The Mysteries of Udolpho,Ann Radcliffe,0,2014,Courier Corporation,,1,Fiction,2024-06-01T00:00:00Z
0787305820,"The Inventions, Researches and Writings of Nikola Tesla",Thomas Commerford Martin,0,1970,Health Research Books,,0,Biography & Autobiography,2024-06-01T00:00:00Z
1621071243,The Communist Manifesto in Plain and Simple English,"BookCaps,Karl Marx,Friedrich Engels",0,2012,BookCaps Study Guides,,0,Biography & Autobiography,2024-06-01T00:00:00Z
0814748228,Legal Education and the Reproduction of Hierarchy,Duncan Kennedy,0,2004,NYU Press,,0,Law,2024-06-01T00:00:00Z
3030193268,Italian Science Fiction,"Simone Brioni,Daniele Comberiati",0,2019,Springer,,0,Literary Criticism,2024-06-01T00:00:00Z
8073896192,De pe Pamânt la Luna,Jules Verne,0,2019,,,0,Fiction,2024-06-01T00:00:00Z
1139827812,The Cambridge Companion to the Arthurian Legend,"Elizabeth Archibald,Ad Putter",0,2009,Cambridge University Press,,0,Literary Criticism,2024-06-01T00:00:00Z
0444822887,Handbook on the Physics and Chemistry of Rare Earths,"Karl A. Gschneidner (jr.),LeRoy Eyring",0,1996,North-Holland,,0,Science,2024-06-01T00:00:00Z
3387008678,The Research Magnificent,Herbert George Wells,0,2023,BoD – Books on Demand,,0,Fiction,2024-06-01T00:00:00Z
0062433245,The Magic Strings of Frankie Presto BAM Signed Ed,Mitch Albom,0,2015,Harper,,0,Fiction,2024-06-01T00:00:00Z
0007289340,The Guns of Navarone,Alistair MacLean,0,2010,HarperCollins UK,,0,Fiction,2024-06-01T00:00:00Z
0262640473,Vision and Mind,"Alva Noë,Evan Thompson",0,2002,MIT Press,,0,Psychology,2024-06-01T00:00:00Z
140659766X,"The Life and Adventures of Robinson Crusoe, of York, Mariner",Daniel Defoe,0,2007,,,0,Fiction,2024-06-01T00:00:00Z
1134982402,The Cid and His Spain,Ramón Menéndez Pidal,0,2016,Routledge,,0,History,2024-06-01T00:00:00Z
1788771052,The Wonderful Wizard of Oz by L. Frank Baum - Delphi Classics (Illustrated),L. Frank Baum,0,2017,Delphi Classics,,0,Fiction,2024-06-01T00:00:00Z
1316453928,Governing the Commons,Elinor Ostrom,0,2015,Cambridge University Press,,0,Political Science,2024-06-01T00:00:00Z
9395034858,The Canterville Ghost,Oscar Wilde,0,1993,,,0,,2024-06-01T00:00:00Z
1782895817,The Bear Went Over The Mountain: Soviet Combat Tactics In Afghanistan [Illustrated Edition],Lester K. Grau,0,2014,Tannenberg Publishing,,0,History,2024-06-01T00:00:00Z
0679456724,Catherine the Great,Robert K. Massie,0,2011,"Random House Digital, Inc.",,0,Biography & Autobiography,2024-06-01T00:00:00Z
9987753876,Living in the Shade,"Esmail, Nahida",0,2018,Mkuki na Nyota Publishers,,0,Juvenile Fiction,2024-06-01T00:00:00Z
1947844539,The Problems of Philosophy,Bertrand Russell,0,2018,,,0,Philosophy,2024-06-01T00:00:00Z
0195379381,The Aztecs,David Carrasco,0,2012,OUP USA,,0,History,2024-06-01T00:00:00Z
153329965X,The Winter's Tale,William Shakespeare,0,2016,,,0,,2024-06-01T00:00:00Z
1000034682,The Hero Trap,Thomas Kolster,0,2020,Routledge,,0,Business & Economics,2024-06-01T00:00:00Z
1440058822,PORTRAIT OF THE ARTIST AS A YOUNG MAN (CLASSIC REPRINT).,JAMES. JOYCE,0,2015,,,0,,2024-06-01T00:00:00Z
1000371603,The Routledge Handbook of Spanish Morphology,"Antonio Fábregas,Víctor Acedo-Matellán,Grant Armstrong,María Cristina Cuervo,Isabel Pujol Payet",0,2021,Routledge,,1,Foreign Language Study,2024-06-01T00:00:00Z
0767920813,The Universe in a Single Atom,Dalai Lama,0,2006,Harmony,,1,Religion,2024-06-01T00:00:00Z
1404323651,The Pilgrim's Progress,John Bunyan,0,2002*,,,0,Christian fiction,2024-06-01T00:00:00Z
0199377480,The ^AAltruistic Brain,Donald W Pfaff,0,2014,Oxford University Press,,0,Medical,2024-06-01T00:00:00Z
1731099789,The Dream of a Ridiculous Man,Fyodor Dostoevsky,0,2018,Independently Published,,0,,2024-06-01T00:00:00Z
147337331X,The Philosopher's Joke,Jerome K. Jerome,0,2015,Read Books Ltd,,0,Fiction,2024-06-01T00:00:00Z
1511564652,The Stoics,Diogenes Laërtius,0,2015,CreateSpace,,0,,2024-06-01T00:00:00Z
089410201X,The Wedding of Zein & Other Stories,"Tayeb Salih,al-Ṭayyib Ṣāliḥ",0,1985,Three Continents,,0,Arab countries,2024-06-01T00:00:00Z
1135446547,The Dialogical Self in Psychotherapy,"Hubert J.M. Hermans,Giancarlo Dimaggio",0,2004,Routledge,,0,Psychology,2024-06-01T00:00:00Z
0226092631,Spanish Pronunciation in the Americas,D. Lincoln Canfield,0,1981,University of Chicago Press,,0,Foreign Language Study,2024-06-01T00:00:00Z
1727680170,The Wind in the Willows,Kenneth Grahame,0,2018,Createspace Independent Publishing Platform,,0,,2024-06-01T00:00:00Z
0863154972,Children of the Forest,Elsa Beskow,0,2005,,,0,Juvenile Fiction,2024-06-01T00:00:00Z
0802714536,The Battle,Alessandro Barbero,0,2005,Walker,,1,History,2024-06-01T00:00:00Z
7500426453,Guide for the Perplexed,Moses Maimonides,0,1999,,,0,Jewish philosophy,2024-06-01T00:00:00Z
0618432329,The Bug Scientists,Donna M. Jackson,0,2002,Houghton Mifflin Harcourt,,0,Juvenile Nonfiction,2024-06-01T00:00:00Z
1340487918,"Gutenberg, And The Art Of Printing","Emily Clemens Pearson,Johann Gutenberg",0,2015,Sagwan Press,,0,,2024-06-01T00:00:00Z
1497454336,The Hound of Baskervilles,Arthur Conan Doyle,0,2014,,,0,,2024-06-01T00:00:00Z
1986912574,A Journal of the Plague Year,Daniel Defoe,0,2018,Createspace Independent Publishing Platform,,0,,2024-06-01T00:00:00Z
1022940945,China and the Chinese,HERBERT ALLEN. GILES,0,2025,Anson Street Press,,0,History,2024-06-01T00:00:00Z
1523700343,The Mayor of Casterbridge,Thomas Hardy,0,2016,Createspace Independent Publishing Platform,,0,,2024-06-01T00:00:00Z
0198549520,The Lepidoptera,Malcolm J. Scoble,0,1995,Oxford University Press,,0,History,2024-06-01T00:00:00Z
0593057856,The Lost Mona Lisa,R. A. Scotti,0,2009,Bantam Press,,0,Art forgers,2024-06-01T00:00:00Z
044459406X,Handbook of the Economics of Finance,"George M. Constantinides,Milton Harris,Rene M. Stulz",0,2018,North Holland,,0,Business & Economics,2024-06-01T00:00:00Z
1983474827,The Voyages of Doctor Dolittle (1922) by,Hugh Lofting,0,2018,Createspace Independent Publishing Platform,,0,,2024-06-01T00:00:00Z
1537148583,The Confessions of Arsene Lupin,Maurice Le Blanc,0,2016,Createspace Independent Publishing Platform,,0,,2024-06-01T00:00:00Z
1517272904,The Metamorphosis,Franz Kafka,0,2015,,,0,,2024-06-01T00:00:00Z
1985145790,The Lady from the Sea,Henrik Ibsen,0,2018,,,0,,2024-06-01T00:00:00Z
0983003807,The Selfish Giant,"Oscar Wilde,Dan Goeller",0,2011,,,0,Children's stories,2024-06-01T00:00:00Z
1032257792,The Chinese Knight-Errant,James J y Liu,0,2022,,,0,Literary Criticism,2024-06-01T00:00:00Z
0195187482,The Oxford Handbook of Aristotle,Christopher Shields,0,2012,OUP USA,,0,Philosophy,2024-06-01T00:00:00Z
1410100936,The Miracles of the Antichrist,Selma Lagerlof,0,2002,,,0,Religion,2024-06-01T00:00:00Z
0609000195,The God of Small Things,Arundhati Roy,0,1999,,,1,,2024-06-01T00:00:00Z
3842474873,The Nameless Castle,Mór Jókai,0,2011,Tredition Classics,,0,,2024-06-01T00:00:00Z
067973869X,Africa,John Reader,0,1999,National Geographic Books,,0,History,2024-06-01T00:00:00Z
185390998X,Compendium,,0,2006,,,0,"Catechisms, English",2024-06-01T00:00:00Z
0195373367,New Comparative Grammar of Greek and Latin,Andrew L Sihler,0,1995,Oxford University Press,,0,Foreign Language Study,2024-06-01T00:00:00Z
088132261X,Industrial Policy in an Era of Globalization,"Marcus Noland,Howard Pack",0,2003,Peterson Institute,,0,Business & Economics,2024-06-01T00:00:00Z
131753963X,Rethinking German History (Routledge Revivals),Richard J. Evans,0,2015,Routledge,,0,History,2024-06-01T00:00:00Z
0199585822,Oxford Handbook of Nutrition and Dietetics,"Joan Webster-Gandy,Angela Madden,Michelle Holdsworth",0,2012,"Oxford University Press, USA",,0,Medical,2024-06-01T00:00:00Z
0192506307,Workers and Nationalism,Jakub S. Beneš,0,2016,Oxford University Press,,0,History,2024-06-01T00:00:00Z
352763018X,Classic and Advanced Ceramics,Robert B. Heimann,0,2010,John Wiley & Sons,,0,Technology & Engineering,2024-06-01T00:00:00Z
1107495024,The Cambridge Companion to Shakespeare and Popular Culture,Robert Shaughnessy,0,2007,Cambridge University Press,,0,Literary Criticism,2024-06-01T00:00:00Z
1040067476,Design and Analysis of Bioavailability and Bioequivalence Studies,"Shein-Chung Chow,Jen-pei Liu",0,2008,CRC Press,,0,Mathematics,2024-06-01T00:00:00Z
1847428827,"Children, Risk and Safety on the Internet","Sonia M. Livingstone,Leslie Haddon,Anke Gorzig",0,2012,Policy Press,,0,Computers,2024-06-01T00:00:00Z
1351950592,Collective Memory and European Identity,Willfried Spohn,0,2016,Routledge,,0,Social Science,2024-06-01T00:00:00Z
1136543848,Ethno-ornithology,"Sonia Tidemann,Andrew Gosler",0,2012,Routledge,,0,Education,2024-06-01T00:00:00Z
1847799620,Propaganda and counter-terrorism,Emma Briant,0,2015,Manchester University Press,,0,Political Science,2024-06-01T00:00:00Z
0763783587,Nutrition in Public Health,Sari Edelstein,0,2006,Jones & Bartlett Learning,,0,Health & Fitness,2024-06-01T00:00:00Z
3642824803,The Human Thymus,H.K. Müller-Hermelink,0,2012,Springer Science & Business Media,,0,Medical,2024-06-01T00:00:00Z
0195119533,"Lesbian, Gay, and Bisexual Identities and Youth","Anthony R. D'Augelli,Charlotte Patterson",0,2001,,,0,Family & Relationships,2024-06-01T00:00:00Z
0486659739,Fourier Series and Orthogonal Functions,Harry F. Davis,0,1989,Courier Corporation,,0,Mathematics,2024-06-01T00:00:00Z
1317716531,Phonological Skills and Learning to Read,"Usha Goswami,Peter Bryant",0,2016,Psychology Press,,0,Psychology,2024-06-01T00:00:00Z
0128037040,Hyperpolarized and Inert Gas MRI,"Mitchell S. Albert,Francis T Hane",0,2016,Academic Press,,0,Science,2024-06-01T00:00:00Z
1786734060,Redrawing the Middle East,Michael D. Berdine,0,2018,Bloomsbury Publishing,,0,Biography & Autobiography,2024-06-01T00:00:00Z
1343790719,"The Encyclopaedia Britannica; A Dictionary of Arts, Sciences, and General Literature",T. Spencer 1823-1887 Baynes,0,2015,Arkose Press,,0,,2024-06-01T00:00:00Z
0313083789,Ghosts of Halabja,Michael J. Kelly,0,2008,Bloomsbury Publishing USA,,0,Political Science,2024-06-01T00:00:00Z
1419224174,History of the Decline and Fall of the Roman Empire,Edward Gibbon,0,2004,,,0,,2024-06-01T00:00:00Z
0198021976,Death of a Generation,Howard Jones,0,2003,Oxford University Press,,0,History,2024-06-01T00:00:00Z
3642350887,"Data Assimilation for Atmospheric, Oceanic and Hydrologic Applications (Vol. II)","Seon Ki Park,Liang Xu",0,2013,Springer Science & Business Media,,0,Science,2024-06-01T00:00:00Z
1317124839,Great Powers and Regional Orders,Markus Kaim,0,2016,Routledge,,0,Political Science,2024-06-01T00:00:00Z
042998183X,Art And Psychoanalysis,Laurie Schneider Adams,0,2018,Routledge,,0,Art,2024-06-01T00:00:00Z
1317375548,Using Mental Imagery in Counselling and Psychotherapy,Valerie Thomas,0,2015,Routledge,,0,Psychology,2024-06-01T00:00:00Z
1446131777,Titanic and Other Ships,Charles Herbert LIGHTOLLER,0,2010,Lulu.com,,0,History,2024-06-01T00:00:00Z
0671433784,And Then There Were None,Agatha Christie,0,1981,,,0,,2024-06-01T00:00:00Z
0735281246,Klara and the Sun,Kazuo Ishiguro,0,2021,National Geographic Books,,0,Fiction,2024-06-01T00:00:00Z
053025171X,The Synoptic Gospels and the Book of Acts,Doremus Almy Hayes,0,2019,Wentworth Press,,0,Bibles,2024-06-01T00:00:00Z
012815506X,Pangolins,,0,2019,Academic Press,,0,Science,2024-06-01T00:00:00Z
1400835143,Diversity and Complexity,Scott E. Page,0,2010,Princeton University Press,,0,Political Science,2024-06-01T00:00:00Z
0765311593,The Gods and Their Machines,Oisin McGann,0,2004,Macmillan,,0,Fiction,2024-06-01T00:00:00Z
0759607923,"Kill Now, Talk Forever",Richard Newby,0,2001,Author House,,0,Law,2024-06-01T00:00:00Z
1402184557,Le Morte Darthur,Thomas Malory,0,1999,Elibron Classics,,0,,2024-06-01T00:00:00Z
0739115162,Modern Free Society and Its Nemesis,Milan Zafirovski,0,2007,Lexington Books,,0,Political Science,2024-06-01T00:00:00Z
1845203747,Orientalism in Early Modern France,Ina Baghdiantz McCabe,0,2008,Berg Publishers,,0,History,2024-06-01T00:00:00Z
071900943X,Dada and After,Alan Young,0,1983,Manchester University Press,,0,Art,2024-06-01T00:00:00Z
0230355862,"Race, Ethnicity, Crime and Criminal Justice in the Americas",A. Kalunta-Crumpton,0,2012,Springer,,0,Social Science,2024-06-01T00:00:00Z
1786568829,Letters on Demonology and Witchcraft by Sir Walter Scott - Delphi Classics (Illustrated),Sir Walter Scott,0,2017,Delphi Classics,,0,Fiction,2024-06-01T00:00:00Z
8848821979,The Beautiful and the Damned,Francis Scott Fitzgerald,0,2017,,,1,Fiction,2024-06-01T00:00:00Z
0128150475,Evaluating Environmental and Social Impact Assessment in Developing Countries,"Salim Momtaz,Zobaidul Kabir",0,2018,Elsevier,,0,Technology & Engineering,2024-06-01T00:00:00Z
1351989421,Evolutionary Computation 1,"Thomas Baeck,D.B Fogel,Z Michalewicz",0,2018,CRC Press,,0,Mathematics,2024-06-01T00:00:00Z
0124833551,Paleomagnetism,"Michael W. McElhinny,Phillip L. McFadden",0,1999,Academic Press,,0,Science,2024-06-01T00:00:00Z
3030243478,Encyclopedia of Psychology and Religion,David A. Leeming,0,2020,Springer,,0,Psychology,2024-06-01T00:00:00Z
3962728643,Alarms and Discursions,G. K. Chesterton,0,2019,Otbebookpublishing,,0,Fiction,2024-06-01T00:00:00Z
1542645433,Travels in West Africa,Mary H. Kingsley,0,2017,,,0,,2024-06-01T00:00:00Z
0723271240,Peter Rabbit and the Pumpkin Patch,Beatrix Potter,0,2013,Penguin,,0,Juvenile Fiction,2024-06-01T00:00:00Z
8170945003,"Gods, Demons And Others",R. K. Narayan,0,1987,,,0,,2024-06-01T00:00:00Z
9971694786,The Long Shadow,Muthiah Alagappa,0,2009,NUS Press,,0,Asia,2024-06-01T00:00:00Z
0812932293,Losing My Virginity,Richard Branson,0,1999,Crown Business,,0,Biography & Autobiography,2024-06-01T00:00:00Z
1625361653,Laser,Nick Taylor,0,2019,Jones Street Books,,0,Science,2024-06-01T00:00:00Z
1845413083,Backpacker Tourism,"Kevin Hannam,Irena Ateljevic",0,2007,Channel View Publications,,0,Business & Economics,2024-06-01T00:00:00Z
0387772812,Biostatistics and Microbiology: A Survival Manual,Daryl S. Paulson,0,2008,Springer,,0,Science,2024-06-01T00:00:00Z
1000314367,Terrorism And Global Security,Louis Rene Beres,0,2019,Routledge,,0,Political Science,2024-06-01T00:00:00Z
1013594045,Literature and Revolution. --,Leon 1879-1940 Trotsky,0,2021,Hassell Street Press,,0,,2024-06-01T00:00:00Z
0253202175,A Theory of Semiotics,Umberto Eco,0,1979,Indiana University Press,,0,Language Arts & Disciplines,2024-06-01T00:00:00Z
1486002536,Principles of Marketing,"Gary Armstrong,Stewart Adam,Sara Denize,Philip Kotler",0,2014,Pearson Australia,,0,Business & Economics,2024-06-01T00:00:00Z
1531289002,City of Endless Night,Milo Hastings,0,2018,Ozymandias Press,,0,Fiction,2024-06-01T00:00:00Z
153814929X,Historical Dictionary of Afghanistan,"Thomas H. Johnson,Ludwig W. Adamec",0,2021,Bloomsbury Publishing PLC,,0,History,2024-06-01T00:00:00Z
3368860348,"A History of Greece, from the Earliest Times to the Roman Conquest. With Supplementary Chapters on the History of Literature and Art",William Smith,0,2024,BoD – Books on Demand,,0,Fiction,2024-06-01T00:00:00Z
0521069351,The Cambridge History of Iran,W. B. Fisher,0,1968,Cambridge University Press,,0,History,2024-06-01T00:00:00Z
1609778472,The Path of the King,John Buchan,0,2014,Simon and Schuster,,0,Fiction,2024-06-01T00:00:00Z
1351410539,The Extraction and Refining of Metals,Colin Bodsworth,0,2018,Routledge,,0,Technology & Engineering,2024-06-01T00:00:00Z
0063290723,The Festival of Insignificance,Milan Kundera,0,2023,HarperCollins,,0,Fiction,2024-06-01T00:00:00Z
1497977673,The Sorrows of Werter,J. Wolfgang Von Goethe,0,2014,"Literary Licensing, LLC",,0,,2024-06-01T00:00:00Z
0521004799,A Concise History of Greece,Richard Clogg,0,2002,Cambridge University Press,,0,History,2024-06-01T00:00:00Z
1400877822,Intellectual Development of Voltaire,Ira O. Wade,0,2015,Princeton University Press,,0,Philosophy,2024-06-01T00:00:00Z
0486261220,"A History of Jewellery, 1100-1870",Joan Evans,0,1989,Courier Corporation,,0,Antiques & Collectibles,2024-06-01T00:00:00Z
111897462X,Creating Cultures of Thinking,Ron Ritchhart,0,2015,John Wiley & Sons,,0,Education,2024-06-01T00:00:00Z
0123813824,"Stress of War, Conflict and Disaster",George Fink,0,2010,Academic Press,,1,Psychology,2024-06-01T00:00:00Z
1351695029,A Cognitive Psychology of Mass Communication,"Fred W. Sanborn,Richard Jackson Harris",0,2019,Routledge,,0,Language Arts & Disciplines,2024-06-01T00:00:00Z
082474134X,Handbook of Plant and Crop Physiology,Mohammad Pessarakli,0,2001,CRC Press,,0,Science,2024-06-01T00:00:00Z
1546318194,The Valley of Fear,"Arthur Conan Doyle, Sir",0,2017,,,0,,2024-06-01T00:00:00Z
1484104617,The Importance of Being Earnest,Oscar Wilde,0,2013,Createspace Independent Publishing Platform,,0,Fiction,2024-06-01T00:00:00Z
0071802150,Harrison's Principles of Internal Medicine 19/E (Vol.1 & Vol.2),"Dennis L. Kasper,J. Larry Jameson,Stephen L. Hauser,Joseph Loscalzo,Anthony S. Fauci,Dan L. Longo",0,2015,McGraw-Hill Education / Medical,,0,Medical,2024-06-01T00:00:00Z
8184566409,The Sign of the Four,"Sir Arthur Conan Doyle, Sir,Conan Doyle Arthur Conan Doyle",0,2008,Tutis Digital Pub,,0,Fiction,2024-06-01T00:00:00Z
1427071802,Diana of the Crossways (Unabridged),George Meredith,0,2000,ReadHowYouWant.com,,0,Fiction,2024-06-01T00:00:00Z
0190625961,A ^ACabinet of Byzantine Curiosities,Anthony Kaldellis,0,2017,Oxford University Press,,0,History,2024-06-01T00:00:00Z
0765323575,Fall of Light,Steven Erikson,0,2016,Macmillan,,0,Fiction,2024-06-01T00:00:00Z
8763538385,The Sound of Indo-European,Benedicte Nielsen Whitehead,0,2012,Museum Tusculanum Press,,0,Foreign Language Study,2024-06-01T00:00:00Z
0787302112,The Soul of Lilith,Marie Corelli,0,1972,Health Research Books,,1,Fiction,2024-06-01T00:00:00Z
0730321975,Earth Portrait of a Planet,Stephen Marshak,0,2015,,,1,,2024-06-01T00:00:00Z
1987697960,The Return of Sherlock Holmes,Arthur Conan Doyle,0,2018,,,0,,2024-06-01T00:00:00Z
1789141672,Donatello and the Dawn of Renaissance Art,A. Victor Coonin,0,2019,Reaktion Books,,0,Art,2024-06-01T00:00:00Z
0684191776,Dictionary of Scientific Biography,Charles Coulston Gillispie,0,1970,,,0,Science,2024-06-01T00:00:00Z
0824714172,Handbook of Detergents,Guy Broze,0,1999,CRC Press,,0,Science,2024-06-01T00:00:00Z
1578562902,Sources of Strength,Jimmy Carter,0,1999,Waterbrook Press,,0,Religion,2024-06-01T00:00:00Z
1453697160,The Game of Life and How to Play It,Florence Scovel Shinn,0,2010,Createspace Independent Publishing Platform,,0,,2024-06-01T00:00:00Z
0061161578,Ines of My Soul LP,Isabel Allende,0,2006,Harper,,0,Fiction,2024-06-01T00:00:00Z
1375007742,Baloma,Bronislaw Malinowski,0,2017,Pinnacle Press,,0,"Body, Mind & Spirit",2024-06-01T00:00:00Z
1107042003,The Cambridge Handbook of Social Representations,"Gordon Sammut,Eleni Andreouli,George Gaskell,Jaan Valsiner",0,2015,Cambridge University Press,,1,Psychology,2024-06-01T00:00:00Z
1025229525,"Ditte, Daughter of Man","Martin 1869-1954 Andersen Nexã,Arthur G Chater,Richard Thirsk",0,2025,Hutson Street Press,,0,Fiction,2024-06-01T00:00:00Z
0195671635,A Tale Of Two Cities (Owc),Charles Dickens,0,2004,,,0,,2024-06-01T00:00:00Z
1604598913,The Wealth of Nations,Adam Smith,0,2004,,,0,Economics,2024-06-01T00:00:00Z
0375757112,The Song of Roland,,0,2001,National Geographic Books,,0,Fiction,2024-06-01T00:00:00Z
1727556232,The Charterhouse of Parma,Stendhal,0,2018,,,0,,2024-06-01T00:00:00Z
1441904263,Encyclopedia of Global Archaeology,,0,2013,Springer,,0,Social Science,2024-06-01T00:00:00Z
1998614921,The Kybalion,Three Initiates,0,2024,,,1,Philosophy,2024-06-01T00:00:00Z
1980945799,Heart of Darkness,Joseph Conrad,0,2018,,,0,,2024-06-01T00:00:00Z
137161962X,VICAR OF WAKEFIELD A TALE,"Oliver 1730?-1774 Goldsmith,Walter Sir Scott, 1771-1832,Karl Franz Christian Wagner",0,2016,Wentworth Press,,0,History,2024-06-01T00:00:00Z
0852700288,An Outline of English Phonetics,Daniel Jones,0,1969,,,0,,2024-06-01T00:00:00Z
0814629032,Butler's Lives of the Saints,"Alban Butler,Paul Burns",0,2003,Liturgical Press,,0,Biography & Autobiography,2024-06-01T00:00:00Z
9350022230,The Work of Sartre,István Mészáros,0,2013,,,0,,2024-06-01T00:00:00Z
1344076327,Arrangement of the Families of Mammals,Theodore Gill,0,2015,Arkose Press,,0,,2024-06-01T00:00:00Z
3038009040,Leaf to Root,"Esther Kern,Pascal Haag,Sylvan Müller",0,2016,,,0,,2024-06-01T00:00:00Z
3355500402,Freud to go,Yunus Cetin,0,2017,Neues Leben,,0,Humor,2024-06-01T00:00:00Z
3844271244,When Rock'n Roll turns to buzinez,Frank Wolfraum,0,2013,epubli,,0,Biography & Autobiography,2024-06-01T00:00:00Z
3640774345,"Kontinuität und Wandel amerikanischer Werte in der Science-fiction Trilogie ""Back to the future""",Claudia Zimny,0,2010,GRIN Verlag,,0,Biography & Autobiography,2024-06-01T00:00:00Z
013211917X,The Pragmatic Programmer,"Andrew Hunt,David Thomas",0,1999,Addison-Wesley Professional,,0,Computers,2024-06-01T00:00:00Z
1412956447,Effective Instructional Strategies,Kenneth D. Moore,0,2009,SAGE,,0,Education,2024-06-01T00:00:00Z
0226731278,Pilgrimage to the End of the World,Conrad Rudolph,0,2004,University of Chicago Press,,0,Art,2024-06-01T00:00:00Z
1405388412,The Rough Guide to Berlin,Christian Williams,0,2011,Penguin,,0,Travel,2024-06-01T00:00:00Z
817758118X,Introduction to Information Technology,"I. T. L. Education Solutions Limited,Itl",0,2005,Pearson Education India,,0,Business & Economics,2024-06-01T00:00:00Z
3531910035,Venezuela: A Petro-State Using Renewable Energies,Germán Massabié,0,2009,Springer Science & Business Media,,0,Political Science,2024-06-01T00:00:00Z
0691037116,Conservatism,Jerry Z. Muller,0,1997,Princeton University Press,,0,History,2024-06-01T00:00:00Z
2831706238,Education and Sustainability,International Union for Conservation of Nature and Natural Resources. Commission on Education and Communication,0,2002,IUCN,,0,Business & Economics,2024-06-01T00:00:00Z
0553902547,Journey to the Center of the Earth,Jules Verne,0,2006,Bantam,,0,Fiction,2024-06-01T00:00:00Z
1438424337,Being English,Julian Wolfreys,0,1994,State University of New York Press,,1,Biography & Autobiography,2024-06-01T00:00:00Z
1135160694,An Introduction to African Politics,Alex Thomson,0,2010,Routledge,,0,Political Science,2024-06-01T00:00:00Z
3756841367,Journey to Lhasa and Central Tibet,Sarat Chandra Das,0,2022,BoD – Books on Demand,,0,Religion,2024-06-01T00:00:00Z
3563358842,How to Observe. Morals and Manners,Harriet Martineau,0,2025,BoD – Books on Demand,,0,Fiction,2024-06-01T00:00:00Z
0748407286,Guide to Manual Materials Handling,A. Mital,0,1997,CRC Press,,0,Technology & Engineering,2024-06-01T00:00:00Z
1136058583,The Gods of Ancient Rome,Robert Turcan,0,2013,Routledge,,0,Religion,2024-06-01T00:00:00Z
1119900085,The Digital Leader,"Ram Charan,Raj B. Vattikuti",0,2022,John Wiley & Sons,,0,Business & Economics,2024-06-01T00:00:00Z
1446228525,A Short Introduction to Psychiatry,Linda Gask,0,2004,SAGE,,0,Medical,2024-06-01T00:00:00Z
1839161191,Essential Guide to Food Additives,Mike Saltmarsh,0,2019,Royal Society of Chemistry,,0,Science,2024-06-01T00:00:00Z
9004479589,Introduction to International Criminal Law,M. Cherif Bassiouni,0,2021,BRILL,,0,Law,2024-06-01T00:00:00Z
0198662483,The Oxford Guide to World English,Tom McArthur,0,2002,"Oxford University Press, USA",,0,Reference,2024-06-01T00:00:00Z
0684862190,The Soul of Capitalism,William Greider,0,2003,Simon and Schuster,,0,Business & Economics,2024-06-01T00:00:00Z
0343884100,A History of Germany from the Earliest Times to the Present Day,"Marie Hansen Taylor,Bayard Taylor",0,2018,Franklin Classics Trade Press,,0,,2024-06-01T00:00:00Z
1405172053,A Companion to William Faulkner,Richard C. Moreland,0,2008,John Wiley & Sons,,1,Literary Criticism,2024-06-01T00:00:00Z
1473625246,Arthur,"Mikael Lindnord,Val Corbett",0,2016,,,0,Adventure racing,2024-06-01T00:00:00Z
0199990492,"Morality, Competition, and the Firm",Joseph Heath,0,2014,Oxford University Press,,0,Philosophy,2024-06-01T00:00:00Z
1119100046,The Wiley Blackwell Companion to Christian Martyrdom,Paul Middleton,0,2020,John Wiley & Sons,,0,Religion,2024-06-01T00:00:00Z
0730308685,How to Succeed in 12 Months,Serena Star-Leonard,0,2014,John Wiley & Sons,,0,Business & Economics,2024-06-01T00:00:00Z
140902413X,The Definitive Guide To Screenwriting,Syd Field,0,2008,Random House,,0,Performing Arts,2024-06-01T00:00:00Z
0349116024,Long Walk to Freedom,Nelson Mandela,0,2002,Time Warner Books UK,,0,Political prisoners - Biography,2024-06-01T00:00:00Z
1846046386,Man's Search for Meaning,Viktor E. Frankl,0,2021,Rider,,0,,2024-06-01T00:00:00Z
1586481983,Banker To The Poor,"Muhammad Yunus,Alan Jolis",0,2003,Public Affairs,,1,Biography & Autobiography,2024-06-01T00:00:00Z
1136277153,Teaching for Learning,"Claire Howell Major,Michael S. Harris,Todd D. Zakrajsek",0,2015,Routledge,,0,Education,2024-06-01T00:00:00Z
0739129759,Justifying the Obligation to Die,Ilan Zvi Baron,0,2009,Lexington Books,,0,Social Science,2024-06-01T00:00:00Z
8174364447,Train to Pakistan,"Khushwant Singh,Margaret Bourke-White,Pramod Kapoor",0,2006,Roli Books Private Limited,,0,Fiction,2024-06-01T00:00:00Z
6020635422,Talking to Strangers,Malcolm Gladwell,0,2020,Gramedia Pustaka Utama,,0,Self-Help,2024-06-01T00:00:00Z
1352011050,How to Write Your Literature Review,Bryan Greetham,0,2020,Bloomsbury Publishing,,0,Study Aids,2024-06-01T00:00:00Z
1317041461,The Routledge Research Companion to the Medieval Icelandic Sagas,"Ármann Jakobsson,Sverrir Jakobsson",0,2017,Routledge,,0,Literary Criticism,2024-06-01T00:00:00Z
1646980115,"An Introduction to the Old Testament, Third Edition","Walter Brueggemann,Tod Linafelt",0,2021,Westminster John Knox Press,,0,Religion,2024-06-01T00:00:00Z
0141980028,The End of Average,Todd Rose,0,2016,Penguin UK,,0,Psychology,2024-06-01T00:00:00Z
1473526310,A Ladder to the Sky,John Boyne,0,2018,Random House,,0,Fiction,2024-06-01T00:00:00Z
0471441473,The Universal History of Computing,Georges Ifrah,0,2002,Wiley,,1,Mathematics,2024-06-01T00:00:00Z
0857938134,The Elgar Companion to Health Economics,Andrew M. Jones,0,2012,Edward Elgar Publishing,,0,Medical,2024-06-01T00:00:00Z
0706999355,An Introduction To Chemical Thermodynami,R P Rastogi,0,2009,Vikas Publishing House,,0,Science,2024-06-01T00:00:00Z
038728835X,A Classical Introduction to Cryptography Exercise Book,"Thomas Baigneres,Pascal Junod,Yi Lu,Jean Monnerat,Serge Vaudenay",0,2007,Springer Science & Business Media,,0,Computers,2024-06-01T00:00:00Z
0530182971,The Pilgrim's Progress: From This World to That Which Is to Come,Anonymous,0,2019,Wentworth Press,,0,History,2024-06-01T00:00:00Z
1786791838,Mediterranean Spain,Steve Pickard,0,,"Imray, Laurie, Norie and Wilson Ltd",,0,Sports & Recreation,2024-06-01T00:00:00Z
0399582436,Natural Wine for the People,Alice Feiring,0,2019,Ten Speed Press,,0,Cooking,2024-06-01T00:00:00Z
1346819971,Three Contributions to the Sexual Theory,"Sigmund Freud,Abraham Arden Brill",0,2015,Palala Press,,0,Sex,2024-06-01T00:00:00Z
0525522883,How to Stop Time,Matt Haig,0,2018,Penguin,,0,Fiction,2024-06-01T00:00:00Z
0606001727,A Farewell to Arms,Ernest Hemingway,0,1995,Turtleback,,0,Fiction,2024-06-01T00:00:00Z
1848684223,Titanic,W. B. Bartlett,0,2010,,,0,Shipwrecks,2024-06-01T00:00:00Z
1782009493,The Big Book of Gun Trivia,Gordon L. Rottman,0,2013,Bloomsbury Publishing,,0,History,2024-06-01T00:00:00Z
1349012262,Introduction to Statistics for the Social Sciences,"Thomas Gerard Connolly,Wladyslaw Sluckin",0,1971,Springer,,0,Mathematics,2024-06-01T00:00:00Z
0526437790,"Talks to Teachers on Psychology, and to Students on Some of Life's Ideals",James William,0,2019,Wentworth Press,,0,History,2024-06-01T00:00:00Z
9781889322,The 100-Yard Classroom Audio CD,"Kevin Kush,Jeanne Mach,Rebecca Lash-Rabick,Carol Johnson,Jacqueline Bode Frevert,Suzann Morin-Steffen",0,2008,,,0,,2024-06-01T00:00:00Z
0241240158,The Rough Guide to Nepal,Rough Guides,0,2015,Penguin,,0,Travel,2024-06-01T00:00:00Z
1844093409,Gem Water,"Michael Gienger,Joachim Goebel",0,2008,Simon and Schuster,,0,"Body, Mind & Spirit",2024-06-01T00:00:00Z
1315616211,The Ethics of Śaṅkara and Śāntideva,Warren Lee Todd,0,2013,,,0,Religious ethics,2024-06-01T00:00:00Z
1340869950,The Roman Festivals of the Period of the Republic,William Warde Fowler,0,2015,Palala Press,,0,,2024-06-01T00:00:00Z
1400244153,Everyday Courage,John Bevere,0,2024,Thomas Nelson,,0,Religion,2024-06-01T00:00:00Z
0526746017,Introduction to the Study of the Law of the Constitution,Dicey Albert Venn,0,2019,Wentworth Press,,0,History,2024-06-01T00:00:00Z
1979390770,Three Contributions to the Theory of Sex,*Sigmund Freud,0,2017,Createspace Independent Publishing Platform,,0,,2024-06-01T00:00:00Z
1000088650,From Mummies to Microchips,"Joyce Tyldesley,Nicky Nielsen",0,2020,Routledge,,0,Education,2024-06-01T00:00:00Z
142926036X,An Introduction to Brain and Behavior + Improving the Mind and Brain,"Bryan Kolb,Ian Q. Whishaw",0,2009,Worth Pub,,0,Psychology,2024-06-01T00:00:00Z
085798036X,"Narrow Road To The Deep North, The",Richard Flanagan,0,2014,Random House Australia,,0,Fiction,2024-06-01T00:00:00Z
0605560943,"Artemis to Actaeon, and Other Verse",Edith Wharton,0,2012,,,0,Anatomists,2024-06-01T00:00:00Z
0310278767,How to Choose a Translation for All Its Worth,"Gordon D. Fee,Mark L. Strauss",0,2007,Zondervan,,0,Bibles,2024-06-01T00:00:00Z
900420623X,Royal Courts in Dynastic States and Empires,,0,2011,BRILL,,0,Political Science,2024-06-01T00:00:00Z
1906598444,A Minute's Silence,Siegfried Lenz,0,2009,Haus Pub.,,0,Teacher-student relationships,2024-06-01T00:00:00Z
1118650336,Extreme Events in Finance,Francois Longin,0,2016,John Wiley & Sons,,0,Business & Economics,2024-06-01T00:00:00Z
1467788902,Pinocchio,Carlo Collodi,0,2015,Lerner + ORM,,0,Juvenile Fiction,2024-06-01T00:00:00Z
0312968302,"Thrones, Dominations","Dorothy L. Sayers,Jill Paton Walsh",0,1999,Macmillan,,0,Fiction,2024-06-01T00:00:00Z
1988120195,King John,William Shakespeare,0,2015,Joe Books Ltd,,0,Drama,2024-06-01T00:00:00Z
1097426750,My Diver Journal,Slowum Publishing,0,2019,Independently Published,,0,,2024-06-01T00:00:00Z
1083042580,The Invisible Man,H G Wells,0,2019,Independently Published,,0,,2024-06-01T00:00:00Z
1800604629,A Christmas Carol,Charles Dickens,0,2020,,,0,Fiction,2024-06-01T00:00:00Z
1101213582,Burning Bright,Tracy Chevalier,0,2007,Penguin,,0,Fiction,2024-06-01T00:00:00Z
0876094876,Somalia,Bronwyn E. Bruton,0,2010,Council on Foreign Relations,,1,Political Science,2024-06-01T00:00:00Z
0307356191,Heartstone,C. J. Sansom,0,2011,Vintage Canada,,0,Fiction,2024-06-01T00:00:00Z
0820312843,The American College and University,Frederick Rudolph,0,1990,University of Georgia Press,,0,Education,2024-06-01T00:00:00Z
338545767X,A Child's History of England,Charles Dickens,0,2024,BoD – Books on Demand,,0,Fiction,2024-06-01T00:00:00Z
8871006755,Midsummer night's dream (A),William Shakespeare,0,1995,,,0,Drama,2024-06-01T00:00:00Z
0544178777,I'm Dreaming of a Chocolate Christmas,,0,,Houghton Mifflin Harcourt,,0,,2024-06-01T00:00:00Z
0061842362,"Temples, Tombs, & Hieroglyphs",Barbara Mertz,0,2009,Harper Collins,,1,History,2024-06-01T00:00:00Z
0865474222,The Brothers Karamazov,Fyodor Dostoevsky,0,1990,North Point Press,,0,Fiction,2024-06-01T00:00:00Z
3563511209,"Consolations in Travel; or, the Last Days of a Philosopher",Humphry Davy,0,2025,BoD – Books on Demand,,0,Fiction,2024-06-01T00:00:00Z
1545484058,Nostromo,Conrad Joseph,0,2017,Createspace Independent Publishing Platform,,0,,2024-06-01T00:00:00Z
9240693165,Preventing Suicide,Who,0,2014,,,0,Suicide,2024-06-01T00:00:00Z
0062877097,Sensuous Knowledge,Minna Salami,0,2020,HarperCollins,,0,History,2024-06-01T00:00:00Z
0306808900,Hemingway,Jeffrey Meyers,0,1999,Da Capo Press,,0,Literary Collections,2024-06-01T00:00:00Z
0664219276,Texts for Preaching: Year A,"Walter Brueggemann,Charles B. Cousar",0,1995,Westminster John Knox Press,,0,Religion,2024-06-01T00:00:00Z
1797855832,A Study in Scarlet (Annotated),Arthur Conan Doyle,0,2019,Independently Published,,0,Fiction,2024-06-01T00:00:00Z
1297711084,"A Concise Dictionary, English-Persian",Edward Henry Palmer,0,2015,Andesite Press,,0,,2024-06-01T00:00:00Z
0429783922,Food Insecurity,"Tamar Mayer,Molly D. Anderson",0,2020,Routledge,,0,Philosophy,2024-06-01T00:00:00Z
1901285480,Twenty-four Hours in the Life of a Woman,Stefan Zweig,0,2003,Pushkin Press,,0,Emotions,2024-06-01T00:00:00Z
3849675122,A Textbook Of Theosophy,C. W. Leadbeater,0,1962,Jazzybee Verlag,,0,Religion,2024-06-01T00:00:00Z
1511577940,A Room with a View,Edward Morgan Forster,0,2015,CreateSpace,,0,British,2024-06-01T00:00:00Z
1444311034,Jesus,W. Barnes Tatum,0,2015,John Wiley & Sons,,0,Religion,2024-06-01T00:00:00Z
1708735992,Tribulations of a Chinaman in China,Jules Verne,0,2019,,,0,,2024-06-01T00:00:00Z
1136179569,Criminology,"Eamonn Carrabine,Pamela Cox,Pete Fussey,Dick Hobbs,Nigel South,Darren Thiel,Jackie Turton",0,2014,Routledge,,0,Social Science,2024-06-01T00:00:00Z
1974600122,Wuthering Heights a Novel,Emily Bronte,0,2017,,,0,,2024-06-01T00:00:00Z
1019369345,Mutual Aid; a Factor of Evolution,Petr Alekseevich Kropotkin,0,2023,Legare Street Press,,0,,2024-06-01T00:00:00Z
0761828761,"Ethnicities, Community Making, and Agrarian Change",Hsain Ilahiane,0,2004,Bloomsbury Publishing PLC,,0,Philosophy,2024-06-01T00:00:00Z
147225905X,Humans,Tom Phillips,0,2019,Wildfire,,0,Disasters,2024-06-01T00:00:00Z
1610693906,The Persian Empire [2 Volumes],Mehrdad Kia,0,2016,ABC-CLIO,,0,History,2024-06-01T00:00:00Z
1297715780,A Select Library of the Nicene and Post-Nicene Fathers of the Christian Church,"St John Chrysostom,Saint Augustine of Hippo",0,2015,Andesite Press,,0,,2024-06-01T00:00:00Z
3540270760,Life - As a Matter of Fat,Ole G. Mouritsen,0,2005,Springer Science & Business Media,,1,Science,2024-06-01T00:00:00Z
1724823116,The Bride of Abydos a Turkish Tale.,George Byron,0,2018,Createspace Independent Publishing Platform,,0,,2024-06-01T00:00:00Z
0199720592,Lebanon,William Harris,0,2012,Oxford University Press,,0,History,2024-06-01T00:00:00Z
184976171X,A Lion in Paris,Beatrice Alemagna,0,2014,Tate,,0,Juvenile Fiction,2024-06-01T00:00:00Z
1722438223,A Drama in the Air,Jules Verne,0,2018,Createspace Independent Publishing Platform,,0,,2024-06-01T00:00:00Z
0521372607,A-Morphous Morphology,Stephen R. Anderson,0,1992,Cambridge University Press,,0,Language Arts & Disciplines,2024-06-01T00:00:00Z
1500276359,A Connecticut Yankee in King Arthur's Court,Mark Twain,0,2014,CreateSpace,,0,Fiction,2024-06-01T00:00:00Z
1852425598,Beyond a Boundary,C. L. R. James,0,1996,,,0,Cricket,2024-06-01T00:00:00Z
0748719946,A Guide to Student-centred Learning,"Donna Brandes,Paul Ginnis",0,1996,Nelson Thornes,,0,Education,2024-06-01T00:00:00Z
3110892936,A Grammar of Urarina,Knut J. Olawsky,0,2011,Walter de Gruyter,,0,Language Arts & Disciplines,2024-06-01T00:00:00Z
1405189746,A Companion to Tudor Britain,"Robert Tittler,Norman L. Jones",0,2009,John Wiley & Sons,,0,History,2024-06-01T00:00:00Z
0525564497,Walking,Erling Kagge,0,2020,Vintage,,0,"Body, Mind & Spirit",2024-06-01T00:00:00Z
1296912450,Gauss,Wolfgang Sartorius Von Waltershausen,0,2015,Sagwan Press,,0,,2024-06-01T00:00:00Z
1134782187,Fetal Development,"Jean-Pierre Lecanuet,William P. Fifer,Norman A. Krasnegor,William P. Smotherman",0,2013,Psychology Press,,0,Psychology,2024-06-01T00:00:00Z
8446023709,Taras Bulba,Nikolái V. Gogol,0,2006,Ediciones AKAL,,0,Literary Criticism,2024-06-01T00:00:00Z
0141186186,Mysteries,Knut Hamsun,0,2001,Penguin,,0,Fiction,2024-06-01T00:00:00Z
0359788335,The Picture of Dorian Gray,Oscar Wilde,0,2019,Lulu.com,,0,Fiction,2024-06-01T00:00:00Z
808783027X,The Street of Crocodiles,Bruno Schulz,0,2025,Rare Treasure Editions,,0,Fiction,2024-06-01T00:00:00Z
0679720219,The Plague,Albert Camus,0,1991,Vintage,,0,Fiction,2024-06-01T00:00:00Z
0525520384,There There,Tommy Orange,0,2018,Vintage,,0,Fiction,2024-06-01T00:00:00Z
0553897772,The Odyssey of Homer,Homer,0,2005,Bantam Classics,,0,Fiction,2024-06-01T00:00:00Z
0544133412,Difficult Loves,Italo Calvino,0,2020,Houghton Mifflin Harcourt,,1,Fiction,2024-06-01T00:00:00Z
1101984236,The Scarred Woman,Jussi Adler-Olsen,0,2018,Penguin,,0,Fiction,2024-06-01T00:00:00Z
1387679244,A Portrait of the Artist as a Young Man,James Joyce,0,2018,Lulu.com,,0,Fiction,2024-06-01T00:00:00Z
6561335856,The Final Problem,Arthur Conan Doyle,0,2025,SAMPI Books,,0,Fiction,2024-06-01T00:00:00Z
1467749869,Twelfth Night,William Shakespeare,0,2014,First Avenue Editions ™,,0,Drama,2024-06-01T00:00:00Z
8490191549,Irresistible,Lisa Kleypas,0,2014,B DE BOLSILLO,,0,Fiction,2024-06-01T00:00:00Z
1681951606,Jacob's Room,Virgina Woolf,0,2015,Xist Publishing,,0,Fiction,2024-06-01T00:00:00Z
0553811886,The Visitor,Lee Child,0,2001,Random House,,1,Fiction,2024-06-01T00:00:00Z
3382129914,How I Found Livingstone,Henry M. Stanley,0,2023,BoD – Books on Demand,,0,Fiction,2024-06-01T00:00:00Z
1439124671,The Boleyn Inheritance,Philippa Gregory,0,2008,Simon and Schuster,,0,Fiction,2024-06-01T00:00:00Z
1409094979,The Mephisto Club,Tess Gerritsen,0,2010,Random House,,0,Fiction,2024-06-01T00:00:00Z
0809594617,Robinson Crusoe,Daniel Defoe,0,2004,,,0,Fiction,2024-06-01T00:00:00Z
179503999X,Robinson Crusoe,Daniel Defoe,0,2019,Independently Published,,0,Fiction,2024-06-01T00:00:00Z
0343720612,The Divine Comedy,"Charles Eliot Norton,Dante Alighieri",0,2018,Franklin Classics Trade Press,,0,,2024-06-01T00:00:00Z
1439187819,Web of Dreams,V.C. Andrews,0,2009,Simon and Schuster,,0,Fiction,2024-06-01T00:00:00Z
1523624981,The Idiot (Annotated),Fyodor Fyodor Dostoyevsky,0,2016,Createspace Independent Publishing Platform,,0,,2024-06-01T00:00:00Z
1420931598,The Sorrows of Young Werther,Johann Wolfgang von Goethe,0,2008,Digireads.com Publishing,,0,Fiction,2024-06-01T00:00:00Z
1921921706,The Shadow of the Wind,Carlos Ruiz Zafon,0,2011,Text Publishing,,0,Fiction,2024-06-01T00:00:00Z
0007375077,"The Ruby Knight (The Elenium Trilogy, Book 2)",David Eddings,0,2010,HarperCollins UK,,0,Fiction,2024-06-01T00:00:00Z
398594203X,The Marvelous Land of Oz,Lyman Frank Baum,0,2021,Phoemixx Classics Ebooks,,0,Fiction,2024-06-01T00:00:00Z
0191605816,Vathek,William Beckford,0,1983,Oxford Paperbacks,,0,Fiction,2024-06-01T00:00:00Z
1095442619,To the Lighthouse,Virginia Woolf,0,2019,Independently Published,,0,,2024-06-01T00:00:00Z
1541108086,The Canterville Ghost,Oscar Wilde,0,2016,,,0,,2024-06-01T00:00:00Z
0368713814,Candide,Voltaire,0,2019,Blurb,,0,Fiction,2024-06-01T00:00:00Z
1979142866,The Canterville Ghost,"Oscar Wilde,J. V. Editors",0,2017,Createspace Independent Publishing Platform,,0,,2024-06-01T00:00:00Z
1537347004,The Iliad of Homer,Homer,0,2016,Createspace Independent Publishing Platform,,0,,2024-06-01T00:00:00Z
1912697122,Refugee Tales: Volume III,"Monica Ali,Lisa Appignanesi,David Constantine,Bernardine Evaristo,Patrick Gale,Abdulrazak Gurnah,David Herd,Emma Parsons,Ian Sansom,Jonathan Skinner,Gillian Slovo,Lytton Smith,Roma Tearne,Jonathan Wittenberg",0,2019,Comma Press,,0,Fiction,2024-06-01T00:00:00Z
159594804X,The Memoirs of Sherlock Holmes,Arthur Conan Doyle,0,2008,Wingspan Press,,0,,2024-06-01T00:00:00Z
1081072520,Great Expectations,Charles Dickens,0,2019,,,0,,2024-06-01T00:00:00Z
1798272016,Homage to Catalonia,George Orwell,0,2019,Independently Published,,0,Fiction,2024-06-01T00:00:00Z
0743221885,Dreamcatcher,Stephen King,0,2001,Simon and Schuster,,0,Fiction,2024-06-01T00:00:00Z
098092104X,Frankenstein (Ad Classic),Mary Shelley,0,2008,Ad Classic,,0,,2024-06-01T00:00:00Z
1558584293,The Swineherd,Hans Christian Andersen,0,1995,Michael Neugebauer Books,,0,Fiction,2024-06-01T00:00:00Z
1784379441,Alpine Ballad,Vasil Bykau,0,2016,,,0,Fiction,2024-06-01T00:00:00Z
0140378022,Pippi Longstocking's After-Christmas Party,Astrid Lindgren,0,1996,,,0,"Children's stories, Swedish",2024-06-01T00:00:00Z
1985120518,A House of Pomegranates,Oscar Wilde,0,2018,Createspace Independent Publishing Platform,,0,,2024-06-01T00:00:00Z
0732297729,Manuscript Found in Accra,Paulo Coelho,0,2013,Knopf Publishing Group,,0,Crusades,2024-06-01T00:00:00Z
1400031346,Number One Ladies' Detective Agency,Alexander McCall Smith,0,2002,Anchor,,0,Fiction,2024-06-01T00:00:00Z
1540801381,Frankenstein,Mary Wollstonecraft Shelley,0,2016,Createspace Independent Publishing Platform,,0,,2024-06-01T00:00:00Z
198057233X,The Divine Comedy,Dante Alighieri,0,2018,,,0,,2024-06-01T00:00:00Z
0141441399,The Black Arrow,Robert Louis Stevenson,0,2007,National Geographic Books,,0,Fiction,2024-06-01T00:00:00Z
1458745511,Italian Shoes,Henning Mankell,0,2009,ReadHowYouWant.com,,1,Fiction,2024-06-01T00:00:00Z
1095616706,David Copperfield,Charles Dickens,0,2019,Independently Published,,1,,2024-06-01T00:00:00Z
3861841843,Peter Pan,James Matthew Barrie,0,2011,,,0,Fantasy fiction,2024-06-01T00:00:00Z
1686332025,The Song of Hiawatha,Henry Wadsworth Longfellow,0,2019,,,0,,2024-06-01T00:00:00Z
1760291609,The Forgotten Garden,Kate Morton,0,2016,,,0,Abandoned children,2024-06-01T00:00:00Z
198353191X,The Wonderful Wizard of Oz,L. Frank Baum,0,2018,Createspace Independent Publishing Platform,,0,,2024-06-01T00:00:00Z
1481006738,The Three Musketeers,Alexandre Dumas,0,2012,,,0,,2024-06-01T00:00:00Z
148251639X,The Chimes,Charles Dickens,0,2013,Createspace Independent Publishing Platform,,0,Fiction,2024-06-01T00:00:00Z
1534802738,Pride and Prejudice,"Jane Austen,Nora Begona",0,2016,,,0,,2024-06-01T00:00:00Z
1451621760,The Ice Princess,Camilla Läckberg,0,2011,Pocket Books,,0,Fiction,2024-06-01T00:00:00Z
1523273909,Theresa Raquin,Émile Zola,0,2016,,,0,,2024-06-01T00:00:00Z
167477463X,Black Beauty Illustrated,Anna Sewell,0,2019,,,0,,2024-06-01T00:00:00Z
1545497656,The Secret Garden,Frances Hodgson Burnett,0,2017,,,0,,2024-06-01T00:00:00Z
1975939417,Ulysses,James Joyce,0,2017,,,1,,2024-06-01T00:00:00Z
149732680X,Sense and Sensibility,Jane Austen,0,2014,,,0,Fiction,2024-06-01T00:00:00Z
0007310579,Agatha Christie's Secret Notebooks,John Curran,0,2010,HarperCollins UK,,0,Biography & Autobiography,2024-06-01T00:00:00Z
192541017X,1984,George Orwell,0,2016,Text Publishing,,0,Fiction,2024-06-01T00:00:00Z
1729526233,The Tinder Box (Illustrated),Hans Christian Anderson,0,2018,Createspace Independent Publishing Platform,,0,,2024-06-01T00:00:00Z
0007548958,Ripper,Isabel Allende,0,2015,Fourth Estate,,0,Detective and mystery stories,2024-06-01T00:00:00Z
0195054075,"Gay, Straight, and In-between",John Money,0,1988,,,0,Medical,2024-06-01T00:00:00Z
0226321398,How We Became Posthuman,N. Katherine Hayles,0,2024,University of Chicago Press,,0,Science,2024-06-01T00:00:00Z
1402039948,Encyclopedia of Soil Science,Ward Chesworth,0,2007,Springer Science & Business Media,,0,Nature,2024-06-01T00:00:00Z
1444357557,Industrial Chocolate Manufacture and Use,Steve T. Beckett,0,2011,John Wiley & Sons,,0,Technology & Engineering,2024-06-01T00:00:00Z
0471310433,Continuum Theory of Plasticity,"Akhtar S. Khan,Sujian Huang",0,1995,John Wiley & Sons,,0,Science,2024-06-01T00:00:00Z
131793881X,Natural Disasters,David Alexander,0,2018,Routledge,,0,Nature,2024-06-01T00:00:00Z
3527201327,"Ullmann's Encyclopedia of Industrial Chemistry, Unit Operations I",Hans-Jürgen Arpe,0,1988,Wiley-VCH,,0,Science,2024-06-01T00:00:00Z
0750674636,Radiochemistry and Nuclear Chemistry,"Gregory Choppin,Jan-Olov Liljenzin,Jan Rydberg",0,2002,Butterworth-Heinemann,,0,Science,2024-06-01T00:00:00Z
3540266933,The Interstellar Medium,James Lequeux,0,2005,Springer Science & Business Media,,0,Science,2024-06-01T00:00:00Z
0387953396,Reviews of Environmental Contamination and Toxicology 173,George W. Ware,0,2001,Springer Science & Business Media,,1,Science,2024-06-01T00:00:00Z
0128160977,Encyclopedia of the World’s Biomes,,0,2020,Elsevier,,0,Science,2024-06-01T00:00:00Z
1317658353,Urban Sustainability in Theory and Practice,Paul James,0,2014,Routledge,,0,Business & Economics,2024-06-01T00:00:00Z
0486152162,A Complete Manual of Amateur Astronomy,"P. Clay Sherrod,Thomas L. Koed",0,2012,Courier Corporation,,0,Science,2024-06-01T00:00:00Z
0816511004,Quaternary Extinctions,"Paul S. Martin,Richard G. Klein",0,1989,University of Arizona Press,,0,Science,2024-06-01T00:00:00Z
1482270420,Lung Surfactants,Robert H. Notter,0,2000,CRC Press,,0,Medical,2024-06-01T00:00:00Z
0195093453,How is Quantum Field Theory Possible?,Sunny Y. Auyang,0,1995,"Oxford University Press, USA",,0,Science,2024-06-01T00:00:00Z
1316297853,Hermann Lotze,William R. Woodward,0,2015,Cambridge University Press,,0,Science,2024-06-01T00:00:00Z
0199913080,A ^APlace in History,Paul M. Wassarman,0,2020,Oxford University Press,,0,Science,2024-06-01T00:00:00Z
0854047980,Lipids in Health and Nutrition,John H. P. Tyman,0,1999,Woodhead Publishing,,0,Medical,2024-06-01T00:00:00Z
0486632776,Understanding Thermodynamics,Hendrick C. Van Ness,0,1983,Courier Corporation,,0,Science,2024-06-01T00:00:00Z
0691270589,Life's Devices,Steven Vogel,0,2025,Princeton University Press,,0,Science,2024-06-01T00:00:00Z
1845458141,Ethnobotany in the New Europe,"Manuel Pardo-de-Santayana,Andrea Pieroni,Rajindra K. Puri",0,2010,Berghahn Books,,0,Social Science,2024-06-01T00:00:00Z
0521623359,Galaxy Morphology and Classification,Sidney Van den Bergh,0,1998,Cambridge University Press,,0,Science,2024-06-01T00:00:00Z
178262189X,Pharmaceuticals in the Environment,"R. E. Hester,R. M. Harrison",0,2016,Royal Society of Chemistry,,0,Medical,2024-06-01T00:00:00Z
0674744209,The Biology of the Honey Bee,Mark L. Winston,0,1991,Harvard University Press,,1,Science,2024-06-01T00:00:00Z
1483269167,Laboratory Animal Medicine,"James G. Fox,Bennett J. Cohen,Franklin M. Loew",0,2013,Academic Press,,0,Technology & Engineering,2024-06-01T00:00:00Z
0226089282,From Natural Philosophy to the Sciences,David Cahan,0,2003,University of Chicago Press,,0,History,2024-06-01T00:00:00Z
0128146095,Biogeochemistry,"W.H. Schlesinger,Emily S. Bernhardt",0,2020,Academic Press,,0,Science,2024-06-01T00:00:00Z
1400857872,Honeybee Ecology,Thomas D. Seeley,0,2014,Princeton University Press,,0,Science,2024-06-01T00:00:00Z
1351931903,"Gunpowder, Explosives and the State",Brenda J. Buchanan,0,2016,Routledge,,0,History,2024-06-01T00:00:00Z
142002812X,Metal Oxides,J.L.G. Fierro,0,2005,CRC Press,,0,Science,2024-06-01T00:00:00Z
1119167442,Political Ecology,Paul Robbins,0,2019,John Wiley & Sons,,0,Social Science,2024-06-01T00:00:00Z
1118923286,Introduction to Cosmology,Matts Roos,0,2015,John Wiley & Sons,,0,Science,2024-06-01T00:00:00Z
3540440291,Quantum Electrodynamics,"Walter Greiner,Joachim Reinhardt",0,2003,Taylor & Francis,,0,Computers,2024-06-01T00:00:00Z
0415310075,Geopolitics,John A. Agnew,0,2003,Psychology Press,,0,Political Science,2024-06-01T00:00:00Z
0393328317,Plan B 2.0,Lester Russell Brown,0,2006,W W Norton & Company Incorporated,,0,Science,2024-06-01T00:00:00Z
0226799751,Maps & Civilization,Norman J. W. Thrower,0,2024,University of Chicago Press,,0,History,2024-06-01T00:00:00Z
1434102572,The Origin of Species,Charles Darwin,0,2009,,,0,Science,2024-06-01T00:00:00Z
0201483408,Out of Control,Kevin Kelly,0,1994,Basic Books,,0,Business & Economics,2024-06-01T00:00:00Z
113946244X,Supersymmetry and String Theory,Michael Dine,0,2007,Cambridge University Press,,0,Science,2024-06-01T00:00:00Z
1400820022,Random Walks in Biology,Howard C. Berg,0,2018,Princeton University Press,,0,Science,2024-06-01T00:00:00Z
1134882327,Explaining Explanation,David-Hillel Ruben,0,2003,Routledge,,0,Philosophy,2024-06-01T00:00:00Z
0813528313,"Iron, Nature's Universal Element","Eugenie V. Mielczarek,Sharon Bertsch McGrayne",0,2000,Rutgers University Press,,0,Medical,2024-06-01T00:00:00Z
1847550908,Food,Tom P Coultate,0,2007,Royal Society of Chemistry,,0,Technology & Engineering,2024-06-01T00:00:00Z
1405189762,Molecular Mechanisms of Photosynthesis,Robert E. Blankenship,0,2014,John Wiley & Sons,,0,Science,2024-06-01T00:00:00Z
0124046037,Whisky,"Graham Stewart,Inge Russell",0,2014,Elsevier,,0,Science,2024-06-01T00:00:00Z
1439894019,Applied Nonparametric Statistical Methods,"Peter Sprent,Nigel C. Smeeton",0,2016,CRC Press,,0,Mathematics,2024-06-01T00:00:00Z
1718215576,Advanced Neuromuscular Exercise Physiology,Phillip Gardiner,0,2024,Human Kinetics,,0,Science,2024-06-01T00:00:00Z
0521003377,God and Reason in the Middle Ages,Edward Grant,0,2001,Cambridge University Press,,0,Education,2024-06-01T00:00:00Z
0879697857,Max Perutz and the Secret of Life,Georgina Ferry,0,2008,CSHL Press,,0,Biography & Autobiography,2024-06-01T00:00:00Z
0199726663,The Cultural Nature of Human Development,Barbara Rogoff,0,2003,Oxford University Press,,0,Social Science,2024-06-01T00:00:00Z
0345806298,The Invention of Nature,Andrea Wulf,0,2016,Vintage,,0,Nature,2024-06-01T00:00:00Z
9814350141,More and Different,Philip W. Anderson,0,2011,World Scientific,,0,Science,2024-06-01T00:00:00Z
1134647999,Understanding Weather,"Karel Karel Hughes,Julian Mayes",0,2014,Routledge,,0,Science,2024-06-01T00:00:00Z
1108864171,Deep Brain Stimulation Management,"William J. Marks,Jill L. Ostrem",0,2022,Cambridge University Press,,0,Medical,2024-06-01T00:00:00Z
0521401232,Planet Earth,Cesare Emiliani,0,1992,Cambridge University Press,,0,Science,2024-06-01T00:00:00Z
0691149682,Frogs and Toads of the World,Chris Mattison,0,2011,Princeton University Press,,0,Nature,2024-06-01T00:00:00Z
0495826413,Human Biology,"Cecie Starr,Beverly McMillan",0,2010,,,0,Human biology,2024-06-01T00:00:00Z
0195131193,Inorganic Polymers,"James E. Mark,Harry R. Allcock,Robert West",0,2005,Oxford University Press,,0,Science,2024-06-01T00:00:00Z
0631227113,The Birth of Modern Science,Paolo Rossi,0,2001,Wiley-Blackwell,,0,Science,2024-06-01T00:00:00Z
0415465699,"Atmosphere, Weather, and Climate","Roger Graham Barry,Richard J. Chorley",0,2010,Taylor & Francis,,0,Science,2024-06-01T00:00:00Z
1118759133,Amphibian Evolution,Rainer R. Schoch,0,2014,John Wiley & Sons,,0,Science,2024-06-01T00:00:00Z
1603585842,What We Think About When We Try Not To Think About Global Warming,Per Espen Stoknes,0,2015,Chelsea Green Publishing,,0,Psychology,2024-06-01T00:00:00Z
0141968044,Mindwise,Nicholas Epley,0,2014,Penguin UK,,0,Psychology,2024-06-01T00:00:00Z
8132027817,"The Black Death, and the Dancing Mania",J. F. C. Hecker,0,2008,Tutis Digital Pub,,0,Health & Fitness,2024-06-01T00:00:00Z
0140268774,The Double Helix,James D. Watson,0,1999,,,0,Biochemistry,2024-06-01T00:00:00Z
1722052244,The Voyage of the Beagle,Charles Darwin,0,2018,Createspace Independent Publishing Platform,,0,,2024-06-01T00:00:00Z
0331225255,"The Zoology of the Voyage of H. M. S. Beagle, Under the Command of Captain Fitzroy, R. N., During the Years 1832 to 1836, Vol. 3",Charles Darwin,0,2017,Forgotten Books,,0,Science,2024-06-01T00:00:00Z
1499773722,The Autobiography of Charles Darwin,Charles Darwin,0,2014,CreateSpace,,0,Biography & Autobiography,2024-06-01T00:00:00Z
1616142812,Quantum Physics for Poets,Leon M. Lederman,0,2011,Prometheus Books,,0,Science,2024-06-01T00:00:00Z
107164422X,Fundamentals of Space Medicine,Gilles Clément,0,2025,Springer Nature,,0,Technology & Engineering,2024-06-01T00:00:00Z
9814713643,Classical and Computational Solid Mechanics,"Yuen-Cheng Fung,Pin Tong,Xiao Hong Chen",0,2016,World Scientific Publishing Company,,0,Technology & Engineering,2024-06-01T00:00:00Z
142001742X,Organic Production and Use of Alternative Crops,"Franc Bavec,Martina Bavec",0,2006,CRC Press,,0,Technology & Engineering,2024-06-01T00:00:00Z
0547488491,The Eerie Silence,Paul Davies,0,2010,HarperCollins,,0,Science,2024-06-01T00:00:00Z
0241410738,On Fire: the Burning Case for a Green New Deal,Naomi Klein,0,2019,Allen Lane,,1,,2024-06-01T00:00:00Z
3662516411,Biodiversity and Earth History,"Jens Boenigk,Sabina Wodniok,Edvard Glücksman",0,2016,Springer,,0,Science,2024-06-01T00:00:00Z
0415858704,Fundamentals of Hydrology,"Tim Davie,Nevil Wyndham Quinn",0,2019,Routledge Fundamentals of Physical Geography,,0,SCIENCE,2024-06-01T00:00:00Z
0534537758,Physical Geology,"James Stewart Monroe,Reed Wicander",0,1998,Brooks Cole,,0,Earthquakes,2024-06-01T00:00:00Z
1331022983,Man's Place in Nature,Thomas Henry Huxley,0,2015,,,0,Science,2024-06-01T00:00:00Z
0385661983,A Short History of Nearly Everything,Bill Bryson,0,2005,Doubleday Canada,,0,Culture,2024-06-01T00:00:00Z
0892819782,The Encyclopedia of Psychoactive Plants,Christian Rätsch,0,2005,Park Street Press,,1,Medical,2024-06-01T00:00:00Z
134594408X,The Natural History of Selborne,"Gilbert White,Grant Allen",0,2015,Arkose Press,,0,,2024-06-01T00:00:00Z
0674004736,Russia and the Russians,Geoffrey A. Hosking,0,2001,Harvard University Press,,0,History,2024-06-01T00:00:00Z
1439193282,Alexander the Great,Philip Freeman,0,2011,Simon and Schuster,,0,Biography & Autobiography,2024-06-01T00:00:00Z
1465529004,"Three Years in Western China: A Narrative of Three Journeys in Ssu-ch'uan, Kuei-chow, and Yün-nan",,0,2001,Library of Alexandria,,0,History,2024-06-01T00:00:00Z
041521629X,The European Rescue of the Nation-state,Alan S. Milward,0,2000,Psychology Press,,0,Business & Economics,2024-06-01T00:00:00Z
1136526048,A History Of Persia (Volume 2),Sir Percy Sykes,0,2013,Routledge,,0,Political Science,2024-06-01T00:00:00Z
0521256038,The Cambridge Ancient History,"John Boardman,J. A. Crook,Andrew Lintott,Elizabeth Rawson",0,1970,Cambridge University Press,,0,History,2024-06-01T00:00:00Z
0415969239,Undoing Gender,Judith Butler,0,2004,Psychology Press,,0,History,2024-06-01T00:00:00Z
030743074X,By the Sword,Richard Cohen,0,2007,Modern Library,,0,History,2024-06-01T00:00:00Z
0826430864,Constantinople: Capital of Byzantium,Jonathan Harris,0,2009,A&C Black,,0,History,2024-06-01T00:00:00Z
0307961745,Imperial Twilight,Stephen R. Platt,0,2018,Vintage,,0,History,2024-06-01T00:00:00Z
1317293134,The Language Loss of the Indigenous,"G. N. Devy,Geoffrey V. Davis,K. K. Chakravarty",0,2016,Routledge,,0,Social Science,2024-06-01T00:00:00Z
0718196813,"The Third Reich in Power, 1933 - 1939",Richard J. Evans,0,2012,Penguin UK,,0,History,2024-06-01T00:00:00Z
1472508858,The First World War,Holger H. Herwig,0,2014,A&C Black,,0,History,2024-06-01T00:00:00Z
0521776627,The Cambridge Companion to Reformation Theology,"David Bagchi,David C. Steinmetz",0,2004,Cambridge University Press,,0,History,2024-06-01T00:00:00Z
0028803809,Great Soviet Encyclopedia,"Jean Paradise,Aleksandr M. Prochorov",0,1982,Macmillan Reference USA,,0,,2024-06-01T00:00:00Z
1537809652,The Invasion of Europe by the Barbarians,J. B. Bury,0,2017,Jovian Press,,0,History,2024-06-01T00:00:00Z
1447487818,Essays in Radical Empiricism,William James,0,2013,Read Books Ltd,,0,History,2024-06-01T00:00:00Z
1583679979,Fanshen,"William Hinton,Fred Magdoff",0,2008,NYU Press,,0,Business & Economics,2024-06-01T00:00:00Z
0465073948,The Gates of Europe,Serhii Plokhy,0,2015,Basic Books,,0,History,2024-06-01T00:00:00Z
0141394528,Letters from Russia,Marquis de Custine,0,2014,Penguin UK,,0,Literary Collections,2024-06-01T00:00:00Z
1331866766,The Protestant ethic and the spirit of capitalism,Max Weber,0,2015,,,0,Religion,2024-06-01T00:00:00Z
1612513026,America's Black Sea Fleet,Estate of Robert E Shenk,0,2012,Naval Institute Press,,0,History,2024-06-01T00:00:00Z
1136851852,The World's Religions,"Peter Clarke,Friedhelm Hardy,Leslie Houlden,Stewart Sutherland",0,2004,Routledge,,0,Reference,2024-06-01T00:00:00Z
094229968X,"The Invention of Pornography, 1500–1800",Lynn Hunt,0,1993,MIT Press,,0,History,2024-06-01T00:00:00Z
0300179049,Stalin's Library,Geoffrey Roberts,0,2022,Yale University Press,,0,History,2024-06-01T00:00:00Z
0394751566,The Hour of Our Death,Philippe Aries,0,1982,National Geographic Books,,0,Social Science,2024-06-01T00:00:00Z
0822391538,The Goddess and the Nation,Sumathi Ramaswamy,0,2010,Duke University Press,,0,History,2024-06-01T00:00:00Z
1439188394,Chinese Civilization,Patricia Buckley Ebrey,0,2009,Simon and Schuster,,0,History,2024-06-01T00:00:00Z
0371307058,The Anabasis,,0,2020,,,0,History,2024-06-01T00:00:00Z
1539300277,Oliver Twist,Dickens Charles,0,2016,Createspace Independent Publishing Platform,,0,,2024-06-01T00:00:00Z
1893554260,Who Killed Homer?,"Victor Davis Hanson,John Heath",0,2001,Encounter Books,,0,History,2024-06-01T00:00:00Z
1501705083,Representing the Holocaust,Dominick LaCapra,0,2016,Cornell University Press,,0,History,2024-06-01T00:00:00Z
1230253394,Vitruvius; the Ten Books on Architecture,Vitruvius Pollio,0,2013,Theclassics.Us,,0,,2024-06-01T00:00:00Z
0199761736,A Century of Spies,Jeffery T. Richelson,0,1997,Oxford University Press,,0,History,2024-06-01T00:00:00Z
1377604683,The Ethics of Aristotle,Aristotle,0,2018,Palala Press,,0,,2024-06-01T00:00:00Z
152826245X,"The Origin of the Family, Private Property and the State (Classic Reprint)",Friedrich Engels,0,2017,Forgotten Books,,0,Social Science,2024-06-01T00:00:00Z
0807000000,Man's Search for Meaning,Viktor E. Frankl,0,2014,Beacon Press,,0,Psychology,2024-06-01T00:00:00Z
1372967605,TRAGEDY OF JULIUS CAESAR,William 1564-1616 Shakespeare,0,2016,,,0,History,2024-06-01T00:00:00Z
1297942361,The Nature of Things,"John Mason Good,Titus Lucretius Carus",0,2015,Sagwan Press,,0,,2024-06-01T00:00:00Z
048616358X,General Idea of the Revolution in the Nineteenth Century,P.-J. Proudhon,0,2013,Courier Corporation,,0,History,2024-06-01T00:00:00Z
0745315038,Post-Soviet Chaos,Joma Nazpary,0,2001,Pluto Press,,0,History,2024-06-01T00:00:00Z
0806128496,Pocahontas's People,Helen C. Rountree,0,1990,University of Oklahoma Press,,0,History,2024-06-01T00:00:00Z
0742573249,Chinese Among Others,Philip A. Kuhn,0,2008,Bloomsbury Publishing PLC,,0,History,2024-06-01T00:00:00Z
0649721985,Library of Philosophy. Time and Free Will,"Henri Bergson,F. L. Pogson",0,2017,Trieste Publishing,,0,History,2024-06-01T00:00:00Z
4871879151,Escape from Freedom,Erich Fromm,0,2011,,,0,History,2024-06-01T00:00:00Z
0806139951,Sport in Ancient Times,Nigel B. Crowther,0,2010,,,0,Sports,2024-06-01T00:00:00Z
0343718073,On the Motion of the Heart and Blood in Animals,William Harvey,0,2018,Franklin Classics Trade Press,,0,,2024-06-01T00:00:00Z
1785902644,The Greatest Comeback: From Genocide To Football Glory,David Bolchover,0,2017,Biteback Publishing,,0,History,2024-06-01T00:00:00Z
8170621097,With Honour & Glory,Maj Gen Jagjit Singh,0,2000,Lancer Publishers,,0,India,2024-06-01T00:00:00Z
0190228415,The ^AThird Reich in History and Memory,Richard J. Evans,0,2015,Oxford University Press,,0,History,2024-06-01T00:00:00Z
0353261386,"The Golden Legend; Or, Lives of the Saints:","De Voragine Jacobus,William Caxton",0,2018,Franklin Classics Trade Press,,0,History,2024-06-01T00:00:00Z
0435327143,"England in Crisis, 1640-60",David Sharp,0,2000,Heinemann,,0,History,2024-06-01T00:00:00Z
1523704705,The Iliad of Homer (1873),Homer,0,2016,,,0,,2024-06-01T00:00:00Z
1340834863,The Formation of Vegetable Mould,Charles Darwin,0,2015,Palala Press,,0,,2024-06-01T00:00:00Z
019510403X,Primitivist Modernism,Sieglinde Lemke,0,1998,,,0,Art,2024-06-01T00:00:00Z
0649605020,"The History of Rasselas, Prince of Abyssinia",Samuel Johnson,0,2017,Trieste Publishing,,0,,2024-06-01T00:00:00Z
150038271X,Meditations,Marcus Aurelius,0,2014,Createspace Independent Pub,,0,Philosophy,2024-06-01T00:00:00Z
1290200270,Journal of the British Archaeological Association,British Archaeological Association,0,2012,Hardpress Publishing,,0,,2024-06-01T00:00:00Z
019511504X,A Short History of the World,John Morris Roberts,0,1997,"Oxford University Press, USA",,0,History,2024-06-01T00:00:00Z
019802715X,The Supreme Court Reborn,William E. Leuchtenburg,0,1996,Oxford University Press,,0,History,2024-06-01T00:00:00Z
134719746X,Simplified Scientific Astrology,Max Heindel,0,2015,Palala Press,,0,,2024-06-01T00:00:00Z
0679726101,Citizens,Simon Schama,0,1990,National Geographic Books,,0,History,2024-06-01T00:00:00Z
0343010224,"Walden; Or, Life in the Woods",Henry David Thoreau,0,2018,Franklin Classics,,0,,2024-06-01T00:00:00Z
1330137140,"Readings in European History a Collection of Extracts From the Sources Chosen With the Purpose of Illustrating the Progress of Culture in Western Europe Since, the German Invasions",James Harvey Robinson,0,2015,Forgotten Books,,0,History,2024-06-01T00:00:00Z
0306464632,Earliest Italy,Margherita Mussi,0,2001,Taylor & Francis US,,0,History,2024-06-01T00:00:00Z
1347707689,The Pilgrim's Progress from This World to That Which Is to Come,John Bunyan,0,2015,Arkose Press,,0,,2024-06-01T00:00:00Z
0469684852,Pêcheur D'Islande,Pierre Loti,0,2019,Wentworth Press,,0,History,2024-06-01T00:00:00Z
1844674754,The Overthrow of Colonial Slavery,Robin Blackburn,0,2011,Verso Books,,0,History,2024-06-01T00:00:00Z
0469038659,The High-Caste Hindu Woman,Pundita Ramabai Sarasvati,0,2019,Wentworth Press,,0,Family & Relationships,2024-06-01T00:00:00Z
0674726529,The Past Before Us,Romila Thapar,0,2013,Harvard University Press,,1,History,2024-06-01T00:00:00Z
191993149X,Gayle,Ken Cage,0,2003,Jacana Media,,0,History,2024-06-01T00:00:00Z
1501171380,Einstein,Walter Isaacson,0,2017,Simon and Schuster,,0,Biography & Autobiography,2024-06-01T00:00:00Z
0747585660,"Eat, Pray, Love",Elizabeth Gilbert,0,2007,A&C Black,,0,Biography & Autobiography,2024-06-01T00:00:00Z
0802809715,What Are the Gospels?,Richard A. Burridge,0,2004,Wm. B. Eerdmans Publishing,,0,Biography & Autobiography,2024-06-01T00:00:00Z
0521351588,The Lord of Uraniborg,"Victor E. Thoren,John Robert Christianson",0,1990,Cambridge University Press,,0,Biography & Autobiography,2024-06-01T00:00:00Z
1982156163,Red Roulette,Desmond Shum,0,2022,Simon and Schuster,,0,Biography & Autobiography,2024-06-01T00:00:00Z
1501167634,The Drowned and the Saved,Primo Levi,0,2017,Simon and Schuster,,0,Biography & Autobiography,2024-06-01T00:00:00Z
0190862173,Lives of the Eminent Philosophers,Diogenes Laertius,0,2018,Oxford University Press,,0,Biography & Autobiography,2024-06-01T00:00:00Z
0670030783,Napoleon,Paul Johnson,0,2002,Viking Adult,,0,Biography & Autobiography,2024-06-01T00:00:00Z
1501127624,Steve Jobs,Walter Isaacson,0,2015,Simon and Schuster,,0,Biography & Autobiography,2024-06-01T00:00:00Z
147670869X,The Innovators,Walter Isaacson,0,2014,Simon and Schuster,,0,Biography & Autobiography,2024-06-01T00:00:00Z
1501174827,The Seven Husbands of Evelyn Hugo,Taylor Jenkins Reid,0,2017,Simon and Schuster,,0,Fiction,2024-06-01T00:00:00Z
1982185821,I'm Glad My Mom Died,Jennette McCurdy,0,2022,Simon and Schuster,,0,Biography & Autobiography,2024-06-01T00:00:00Z
1668081784,The Seven Husbands of Evelyn Hugo: Deluxe Edition Hardcover,Taylor Jenkins Reid,0,2024,Simon and Schuster,,0,Fiction,2024-06-01T00:00:00Z
1771601094,Alpine Warriors,Bernadette McDonald,0,2015,Rocky Mountain Books Ltd,,0,Biography & Autobiography,2024-06-01T00:00:00Z
1568520360,Hitler,Alan Bullock,0,1962,William S. Konecky Associates,,0,Biography & Autobiography,2024-06-01T00:00:00Z
1426754434,Here I Stand,"Roland H. Bainton,Roland Herbert Bainton",0,2013,Abingdon Press,,0,Biography & Autobiography,2024-06-01T00:00:00Z
0711248761,Claude Monet (Portrait of an Artist),Lucy Brownridge,0,2020,Wide Eyed Editions,,0,Juvenile Nonfiction,2024-06-01T00:00:00Z
0671604767,Who Were They?,,0,1986,Simon & Schuster,,0,Biography & Autobiography,2024-06-01T00:00:00Z
1108480713,The Byzantine Hellene,Dimiter Angelov,0,2019,Cambridge University Press,,0,Biography & Autobiography,2024-06-01T00:00:00Z
0874137160,Lord Byron's Life in Italy,Teresa Guiccioli (contessa di),0,2005,University of Delaware Press,,0,Biography & Autobiography,2024-06-01T00:00:00Z
0393321576,Karl Marx,Francis Wheen,0,2000,W. W. Norton & Company,,0,Biography & Autobiography,2024-06-01T00:00:00Z
034536256X,Writing a Woman's Life,Carolyn G. Heilbrun,0,1989,,,0,Biography & Autobiography,2024-06-01T00:00:00Z
0711270791,Florence Nightingale,Maria Isabel Sanchez Vegara,0,2022,Frances Lincoln Limited,,1,Juvenile Nonfiction,2024-06-01T00:00:00Z
156895557X,Tuesdays with Morrie,Mitch Albom,0,1997,"Wheeler Publishing, Incorporated",,0,Biography & Autobiography,2024-06-01T00:00:00Z
1565481100,"Francis of Assisi - The Saint: Early Documents, vol. 1","Regis J. Armstrong,J. A. Wayne Hellmann,William J. Short",0,1999,New City Press,,0,Biography & Autobiography,2024-06-01T00:00:00Z
034914043X,Steve Jobs,Walter Isaacson,0,2015,Abacus,,0,Biography,2024-06-01T00:00:00Z
0008234213,End of Story,A. J. Finn,0,2024,Harper,,0,Fiction,2024-06-01T00:00:00Z
1604443499,Homage to Catalonia,George Orwell,0,2011,Indoeuropeanpublishing.com,,0,Drama,2024-06-01T00:00:00Z
0099438011,Flush,Virginia Woolf,0,2002,Vintage Classics,,0,Biography as a literary form,2024-06-01T00:00:00Z
0520252268,Bombay Anna,Susan Morgan,0,2008,Univ of California Press,,0,Biography & Autobiography,2024-06-01T00:00:00Z
0802125085,The Yellow House,Sarah M. Broom,0,2019,Grove Press,,0,Biography & Autobiography,2024-06-01T00:00:00Z
0815410255,Clara Bow,David Stenn,0,2000,Rowman & Littlefield,,0,Biography & Autobiography,2024-06-01T00:00:00Z
1847809626,Marie Curie,Maria Isabel Sanchez Vegara,0,2017,Frances Lincoln Limited,,0,Juvenile Nonfiction,2024-06-01T00:00:00Z
0393064778,The Hemingses of Monticello,Annette Gordon-Reed,0,2008,W. W. Norton & Company,,0,Biography & Autobiography,2024-06-01T00:00:00Z
0861247981,Who's who in the Twentieth Century,,0,1993,,,0,Bio-bibliography,2024-06-01T00:00:00Z
0606396233,Hidden Figures,Margot Lee Shetterly,0,2016,Harper,,0,African American mathematicians,2024-06-01T00:00:00Z
1841157538,My Heart is My Own,John Alexander Guy,0,2004,HarperCollins UK,,0,Biography & Autobiography,2024-06-01T00:00:00Z
1451688091,Team of Rivals,Doris Kearns Goodwin,0,2012,Simon and Schuster,,0,Biography & Autobiography,2024-06-01T00:00:00Z
1442255900,Historical Dictionary of Rwanda,Aimable Twagilimana,0,2016,Historical Dictionaries of Africa,,0,History,2024-06-01T00:00:00Z
0711259364,Michael Jordan,Maria Isabel Sanchez Vegara,0,2021,,,0,Juvenile Nonfiction,2024-06-01T00:00:00Z
1784389986,The Hitler I Knew,"ROGER. DIETRICH MOORHOUSE (OTTO.),Otto Dietrich",0,2023,,,0,,2024-06-01T00:00:00Z
0399161996,Jung the Mystic,Gary Lachman,0,2012,TarcherPerigee,,0,Biography & Autobiography,2024-06-01T00:00:00Z
0312349394,Attila,John Man,0,2006,Macmillan,,0,Biography & Autobiography,2024-06-01T00:00:00Z
1760465518,Dictionary of World Biography,Barry O. Jones,0,2022,,,0,,2024-06-01T00:00:00Z
0007461275,Surprised by Joy,C. S. Lewis,0,2012,C. S. Lewis Signature Classic,,0,Anglican converts,2024-06-01T00:00:00Z
031236654X,The Lost Life of Eva Braun,Angela Lambert,0,2007,Macmillan,,0,Biography & Autobiography,2024-06-01T00:00:00Z
0203450566,The Ancient World,Frank N. Magill,0,2003,Routledge,,0,Biography,2024-06-01T00:00:00Z
1250829682,Places of Mind,Timothy Brennan,0,2022,Picador USA,,0,Biography & Autobiography,2024-06-01T00:00:00Z
1780979029,The Little Book of Chanel,Emma Baxter-Wright,0,2017,Welbeck Publishing,,0,Biography & Autobiography,2024-06-01T00:00:00Z
0063251329,The Lost,Daniel Mendelsohn,0,2022,Harper Perennial,,0,,2024-06-01T00:00:00Z
0500251770,Renaissance People,"Robert Charles Davis,Beth Lindsmith",0,2011,,,0,Biography,2024-06-01T00:00:00Z
0671826360,Blackberry Winter,Margaret Mead,0,1972,,,0,Anthropologists,2024-06-01T00:00:00Z
0846705109,Chamber's Biographical Dictionary,J. O. Thorne,0,1978,Putnam Publishing Group,,0,Biography,2024-06-01T00:00:00Z
0330250493,All Creatures Great and Small,James Herriot,0,1976,Pan Macmillan,,0,Medical,2024-06-01T00:00:00Z
0241254736,The Undoing Project,Michael M. Lewis,0,2017,Allen Lane,,0,Biography,2024-06-01T00:00:00Z
1317828712,Muhammad,Zafarullah Khan,0,2013,Routledge,,0,Biography,2024-06-01T00:00:00Z
1250077001,Furiously Happy,Jenny Lawson,0,2015,Macmillan,,0,Biography & Autobiography,2024-06-01T00:00:00Z
1490688552,Kissinger's Shadow,Greg Grandin,0,2015,,,0,Audiobooks,2024-06-01T00:00:00Z
8170245869,"Pillars of Modern India, 1757-1947","Mahmud Syed Jafar,Sayed Jafar Mahmud",0,1994,APH Publishing,,0,History,2024-06-01T00:00:00Z
0812827554,Answer to History,Mohammad Reza Pahlavi (Shah of Iran),0,1980,Stein & Day Pub,,0,Biography & Autobiography,2024-06-01T00:00:00Z
1444723251,On Writing,Stephen King,0,2012,Hodder & Stoughton,,0,Authorship,2024-06-01T00:00:00Z
0261103601,J.R.R. Tolkien,"Wayne G. Hammond,Christina Scull",0,1998,,,0,Biography,2024-06-01T00:00:00Z
0486432505,A Treatise of Human Nature,David Hume,0,2003,Courier Corporation,,0,Philosophy,2024-06-01T00:00:00Z
0140442103,Letters from a Stoic,Lucius Annaeus Seneca,0,1969,Penguin UK,,0,History,2024-06-01T00:00:00Z
8120814738,Phenomenology of Spirit,Georg Wilhelm Friedrich Hegel,0,1998,Motilal Banarsidass Publ.,,0,Philosophy,2024-06-01T00:00:00Z
0192805835,Thus Spoke Zarathustra,Friedrich Wilhelm Nietzsche,0,2005,"Oxford University Press, USA",,0,Philosophy,2024-06-01T00:00:00Z
0141904321,Thus Spoke Zarathustra,Friedrich Nietzsche,0,1974,Penguin UK,,0,Philosophy,2024-06-01T00:00:00Z
1623565251,After Virtue,Alasdair MacIntyre,0,2013,A&amp;C Black,,0,Philosophy,2024-06-01T00:00:00Z
0674276604,"Exit, Voice, and Loyalty",Albert O. Hirschman,0,1970,Harvard University Press,,0,Business & Economics,2024-06-01T00:00:00Z
1000158489,In Praise of Idleness,Bertrand Russell,0,2020,Routledge,,0,Education,2024-06-01T00:00:00Z
1788731654,The Authoritarian Personality,"Theodor Adorno,Else Frenkel-Brenswik,Daniel J. Levinson,R. Nevitt Sanford",0,2019,Verso Books,,0,Political Science,2024-06-01T00:00:00Z
0521779855,The Cambridge Companion to the Stoics,Brad Inwood,0,2003,Cambridge University Press,,0,Philosophy,2024-06-01T00:00:00Z
1439108366,The Construction of Social Reality,John R. Searle,0,2010,Simon and Schuster,,0,Philosophy,2024-06-01T00:00:00Z
0262581477,The Struggle for Recognition,Axel Honneth,0,1996,National Geographic Books,,0,Philosophy,2024-06-01T00:00:00Z
1736961829,The Society of the Spectacle,Guy Debord,0,2021,Unredacted Word,,0,Philosophy,2024-06-01T00:00:00Z
0871299135,Robert Fulghum's All I Really Need to Know I Learned in Kindergarten,"Robert Fulghum,David Caldwell",0,1999,Dramatic Publishing,,0,Philosophy,2024-06-01T00:00:00Z
0415096707,The History and Philosophy of Social Science,Scott Gordon,0,1991,Taylor & Francis US,,0,Business & Economics,2024-06-01T00:00:00Z
0399531971,Art as Experience,John Dewey,0,2005,Penguin,,0,Philosophy,2024-06-01T00:00:00Z
1439118248,The Division of Labor in Society,Emile Durkheim,0,2014,Simon and Schuster,,0,Social Science,2024-06-01T00:00:00Z
0141913266,The Politics,Aristotle,0,1981,Penguin UK,,0,Philosophy,2024-06-01T00:00:00Z
1775410641,The Subjection of Women,"John Stuart Mill,Harriet Taylor Mill",0,2009,The Floating Press,,1,Philosophy,2024-06-01T00:00:00Z
048611144X,The Birth of Tragedy,Friedrich Nietzsche,0,2012,Courier Corporation,,0,Philosophy,2024-06-01T00:00:00Z
0253215315,A Short History of African Philosophy,B. Hallen,0,2002,Indiana University Press,,0,Philosophy,2024-06-01T00:00:00Z
1784786802,Dialectic of Enlightenment,"Max Horkheimer,Theodor Adorno",0,2016,Verso Books,,0,Philosophy,2024-06-01T00:00:00Z
0691156891,Liberalism,Edmund Fawcett,0,2014,Princeton University Press,,0,Political Science,2024-06-01T00:00:00Z
1632864800,Logicomix,"Apostolos Doxiadis,Christos Papadimitriou",0,2015,Bloomsbury Publishing USA,,0,Comics & Graphic Novels,2024-06-01T00:00:00Z
0195111273,Saint Foucault,David M. Halperin,0,1997,Oxford Paperbacks,,0,Biography & Autobiography,2024-06-01T00:00:00Z
019532899X,The Oxford Handbook of World Philosophy,"Jay L. Garfield,William Edelglass",0,2011,Oxford University Press,,0,Philosophy,2024-06-01T00:00:00Z
0156028719,Looking for Spinoza,Antonio R. Damasio,0,2003,Houghton Mifflin Harcourt,,0,History,2024-06-01T00:00:00Z
1528785851,Beyond Good and Evil,Friedrich Wilhelm Nietzsche,0,2018,Read Books Ltd,,0,Philosophy,2024-06-01T00:00:00Z
0486113094,"Language, Truth and Logic",Alfred Jules Ayer,0,2012,Courier Corporation,,0,Philosophy,2024-06-01T00:00:00Z
067972110X,Madness and Civilization,Michel Foucault,0,1988,Vintage,,0,History,2024-06-01T00:00:00Z
0226738841,The Concept of the Political,Carl Schmitt,0,2024,University of Chicago Press,,0,Political Science,2024-06-01T00:00:00Z
1387896806,On the Social Contract,Jean-Jacques Rousseau,0,2018,Lulu.com,,0,History,2024-06-01T00:00:00Z
1405124784,Western Philosophy,John G. Cottingham,0,2007,John Wiley & Sons,,0,Philosophy,2024-06-01T00:00:00Z
1446545148,Dante and Philosophy,Etienne Gilson,0,2011,Read Books Ltd,,0,Philosophy,2024-06-01T00:00:00Z
1134449720,Unended Quest,Karl Popper,0,2005,Routledge,,0,Philosophy,2024-06-01T00:00:00Z
396865627X,"Zadig: Or, The Book of Fate",Voltaire,0,2021,Otbebookpublishing,,0,Philosophy,2024-06-01T00:00:00Z
0872202208,Phaedrus,"Plato,Alexander Nehamas,Paul Woodruff",0,1995,Hackett Publishing,,0,Philosophy,2024-06-01T00:00:00Z
0198821077,Marx,Peter Singer,0,2018,Oxford University Press,,0,Biography & Autobiography,2024-06-01T00:00:00Z
1444301055,Philosophical Tales,Martin Cohen,0,2009,John Wiley & Sons,,0,Philosophy,2024-06-01T00:00:00Z
089608535X,Powers and Prospects,Noam Chomsky,0,1996,South End Press,,0,Business & Economics,2024-06-01T00:00:00Z
0191089451,Groundwork for the Metaphysics of Morals,Immanuel Kant,0,2019,Oxford University Press,,0,Philosophy,2024-06-01T00:00:00Z
1785783076,Marxism: A Graphic Guide,Rupert Woodfin,0,2018,Icon Books,,0,Philosophy,2024-06-01T00:00:00Z
1441183582,Aesthetic Sexuality,Romana Byrne,0,2013,A&C Black,,0,Literary Criticism,2024-06-01T00:00:00Z
1447487435,Inspired Talks by Swami Vivekananda,Swami Vivekananda,0,2013,Read Books Ltd,,0,Religion,2024-06-01T00:00:00Z
1584773278,An Introduction to the Philosophy of Law,Roscoe Pound,0,2003,"The Lawbook Exchange, Ltd.",,0,Law,2024-06-01T00:00:00Z
0415255325,On Belief,Slavoj Žižek,0,2001,Psychology Press,,0,Juvenile Nonfiction,2024-06-01T00:00:00Z
0141915757,Either/Or,Søren Kierkegaard,0,2004,Penguin UK,,0,Philosophy,2024-06-01T00:00:00Z
9360466042,Voltaire's Philosophical Dictionary,Voltaire Voltaire,0,2024,BoD – Books on Demand,,0,Philosophy,2024-06-01T00:00:00Z
8829536113,Protagoras,Platone,0,2018,,,0,Philosophy,2024-06-01T00:00:00Z
1462902286,Complete Shotokan Karate,Robin L. Rielly,0,2011,Tuttle Publishing,,0,Sports & Recreation,2024-06-01T00:00:00Z
1938793064,A Day in the Life of a Minimalist,Joshua Fields Millburn,0,2012,Asymmetrical Press,,0,Philosophy,2024-06-01T00:00:00Z
046509886X,What Love Is,Carrie Jenkins,0,2017,Hachette UK,,0,Philosophy,2024-06-01T00:00:00Z
1779450095,A Confession,Leo Tolstoy,0,2024,,,0,Biography & Autobiography,2024-06-01T00:00:00Z
0199670439,Liberalism,Michael Freeden,0,2015,,,0,Philosophy,2024-06-01T00:00:00Z
014303751X,The Communist Manifesto,"Karl Marx,Friedrich Engels",0,2006,Penguin,,0,Political Science,2024-06-01T00:00:00Z
0271063742,Ayn Rand,Chris Matthew Sciabarra,0,2013,Penn State Press,,0,Philosophy,2024-06-01T00:00:00Z
023107591X,History and Memory,Jacques Le Goff,0,1992,Columbia University Press,,0,History,2024-06-01T00:00:00Z
0674824261,Sources of the Self,Charles Taylor,0,1989,Harvard University Press,,0,Philosophy,2024-06-01T00:00:00Z
0385299850,The Art of War,Sunzi,0,1983,Delta,,0,Business & Economics,2024-06-01T00:00:00Z
1613822448,The Nature of Things,Lucretius,0,2012,,,0,Poetry,2024-06-01T00:00:00Z
0761967877,Handbook of Political Theory,"Gerald F Gaus,Chandran Kukathas",0,2004,SAGE,,0,Philosophy,2024-06-01T00:00:00Z
0684836394,Science and the Modern World,Alfred North Whitehead,0,1967,Simon and Schuster,,0,Philosophy,2024-06-01T00:00:00Z
1528786289,An Honest Thief,Fyodor Dostoevsky,0,2019,Read Books Ltd,,0,Fiction,2024-06-01T00:00:00Z
1501005286,Meditations on First Philosophy,Rene Descartes,0,2014,CreateSpace,,0,,2024-06-01T00:00:00Z
1682042294,Mein Kampf,Adolf Hitler,0,2016,Free Thought Books,,0,,2024-06-01T00:00:00Z
1622780841,Interior Castle (The Mansion),"St. Teresa of Avila,Wyatt North",0,2014,"Wyatt North Publishing, LLC",,0,Biography & Autobiography,2024-06-01T00:00:00Z
0470532807,Batman and Philosophy,"Mark D. White,Robert Arp",0,2009,John Wiley & Sons,,0,Philosophy,2024-06-01T00:00:00Z
0387716696,Star Maps,Nick Kanas,0,2007,Springer Science & Business Media,,0,Science,2024-06-01T00:00:00Z
1729503195,Ecce Homo,Friedrich Nietzsche,0,2018,Createspace Independent Publishing Platform,,0,,2024-06-01T00:00:00Z
1330100344,Consolation of Philosophy,Boethius,0,2015,Forgotten Books,,0,Philosophy,2024-06-01T00:00:00Z
1618953354,The Meditations of Marcus Aurelius,"Aurelius, Marcus",0,2018,,,0,Ethics,2024-06-01T00:00:00Z
0062074490,Peace Is Every Breath,Thich Nhat Hanh,0,2011,Harper Collins,,0,Self-Help,2024-06-01T00:00:00Z
1093667370,Theaetetus,Plato,0,2019,Independently Published,,0,,2024-06-01T00:00:00Z
0141018992,Great Ideas Civilization and Its Discontents,Sigmund Freud,0,2005,National Geographic Books,,0,Philosophy,2024-06-01T00:00:00Z
9356895074,Meditations,Emperor Of Rome Marcus Aurelius,0,2023,Alpha Edition,,0,,2024-06-01T00:00:00Z
0674852710,Studies in the Way of Words,H. Paul Grice,0,1989,Harvard University Press,,0,Language Arts & Disciplines,2024-06-01T00:00:00Z
1316790851,The Ethics of Influence,Cass R. Sunstein,0,2016,Cambridge University Press,,0,Political Science,2024-06-01T00:00:00Z
1595474897,Thus Spake Zarathustra,Friedrich Wilhelm Nietzsche,0,2009,Nuvision Publications,,0,Fiction,2024-06-01T00:00:00Z
0226116271,The Fair Society,Peter Corning,0,2011,University of Chicago Press,,0,Business & Economics,2024-06-01T00:00:00Z
1500210064,The History of Animals,Aristotle,0,2014,Createspace Independent Pub,,0,History,2024-06-01T00:00:00Z
0275990060,Essential Hinduism,Steven Rosen,0,2006,Praeger,,0,Religion,2024-06-01T00:00:00Z
1500133892,The Origin of the Family Private Property and the State,Frederick Engels,0,2014,Createspace Independent Publishing Platform,,0,,2024-06-01T00:00:00Z
0749919663,Lao Tzu's Tao Te Ching,Laozi,0,1999,Piatkus Books,,0,Taoism,2024-06-01T00:00:00Z
1652535241,Parmenides,Plato,0,2019,,,0,,2024-06-01T00:00:00Z
1600961908,A Discourse on Political Economy,Jean-Jacques Rousseau,0,2008,Classic Books Library,,0,Political science,2024-06-01T00:00:00Z
